"","PWS.name","mean.pop.2015","tot.use.2015","tot.use.2013","mean.res.2015","res.use.2015","tot.use.2015.pc","res.use.2015.pc","tot.use.2015.gpcd","res.use.2015.gpcd"
"1","Adelanto City of",31041.5,1278462540,1446785040,0.740833333333333,947127665.05,41185.5915468002,30511.6590709212,112.837237114521,83.5935864956745
"2","Alameda County Water District",343666.666666667,11855600000,15940800000,0.700833333333333,8308799666.66667,34497.3811833172,24176.9146459748,94.5133731049785,66.2381223177391
"3","Alco Water Service",29179,1221396000,1495806000,0.8725,1065668010,41858.7340210425,36521.7454333596,114.681463071349,100.059576529752
"4","Alhambra  City of",85068,2959281649,3693467271,0.983333333333333,2909960288.18333,34787.2484247896,34207.4609510431,95.3075299309303,93.7190710987482
"5","Amador Water Agency",23347,877060000,1216110000,0.574166666666667,503578616.666667,37566.2826059023,21569.3072628889,102.921322207951,59.0939925010654
"6","American Canyon, City of",20080,950182760,1217055081,0.544166666666667,517057785.233333,47319.858565737,25749.8897028552,129.643448125307,70.5476430215212
"7","Anaheim  City of",359478.25,18058686085,21602320352,0.571666666666667,10323548878.5917,50235.8239615331,28718.1460313431,137.632394415159,78.6798521406661
"8","Antioch  City of",107530.083333333,4491416000,6165632000,0.72,3233819520,41768.9251302542,30073.6260937831,114.435411315765,82.3934961473508
"9","Apple Valley Ranchos Water Company",62602,3122319457,4002574628,0.684166666666667,2136186895.16417,49875.7141465129,34123.3010952392,136.645792182227,93.4884961513404
"10","Arcadia  City of",57394.5,4379892853,5698088958,0.699166666666667,3062275086.38917,76312.0656683132,53354.8525797623,209.074152515926,146.177678300719
"11","Arcata  City of",18412.5,632504000,671868000,0.510833333333333,323104126.666667,34351.8805159538,17548.0856302331,94.1147411395996,48.0769469321454
"12","Arroyo Grande  City of",17081.6666666667,729581345,1035783930,0.8,583665076,42711.367645624,34169.0941164992,117.017445604449,93.6139564835594
"13","Arvin Community Services District",20364.25,693596000,972560000,0.755833333333333,524242976.666667,34059.4915108585,25743.2990002905,93.313675372215,70.5295863021659
"14","Atascadero Mutual Water Company",31101,1427280000,2015140000,0.740833333333333,1057376600,45891.771968747,33998.1544001801,125.730882106156,93.145628493644
"15","Azusa  City of",110000,5554730056,6845810867,0.54,2999554230.24,50497.5459636364,27268.6748203636,138.349440996264,74.7086981379826
"16","Bakersfield  City of",142521.25,11014321371,14684731762,0.744166666666667,8196490820.2525,77281.9588026347,57510.6576756273,211.731393979821,157.56344568665
"17","Bakman Water Company",15125,1024517771,1371708134,0.88,901575638.48,67736.7121322314,59608.3066763636,185.58003323899,163.310429250311
"18","Banning  City of",30325,2138562915,2856739461,0.56,1197595232.4,70521.4481450948,39492.0109612531,193.209446972862,108.197290304803
"19","Beaumont-Cherry Valley Water District",42921.5,3355468104,4180527176,0.665,2231386289.16,78176.8601749706,51987.6120163554,214.183178561563,142.43181374344
"20","Bella Vista Water District",17339.25,2231104720,4505547683,0.595,1327507308.4,128673.657741829,76560.826356388,352.530569155695,209.755688647638
"21","Bellflower-Somerset Mutual Water Company",46300,1521840211,1794608162,0.86,1308782581.46,32869.1190280778,28267.4423641469,90.0523808988432,77.4450475730051
"22","Benicia  City of",28086,1365121968,2111223980,0.54,737165862.72,48605.0690023499,26246.737261269,133.164572609178,71.9088692089561
"23","Beverly Hills  City of",42927.5,3399216917,3944985471,0.69,2345459672.73,79185.0659134587,54637.6954802865,216.945386064271,149.692316384347
"24","Big Bear City Community Services District",12411.1666666667,306264498,358534326,0.9375,287122966.875,24676.5276968322,23134.2447157801,67.6069251968004,63.3814923720004
"25","Blythe  City of",13839,949550000,1091630000,0.600833333333333,570521291.666667,68614.0617096611,41225.6154105547,187.9837307114,112.946891535766
"26","Brawley  City of",27743,1538790000,2785720000,0.734166666666667,1129728325,55465.8832858739,40721.2026457124,151.961324070887,111.564938755377
"27","Brea  City of",43017.6666666667,3091629463,3733256989,0.460833333333333,1424725910.86583,71868.8320999899,33119.553459412,196.900909862986,90.7385026285261
"28","Brentwood  City of",56055,2639313000,4010690000,0.7425,1959689902.5,47084.3457318705,34960.1267059138,128.998207484577,95.7811690572982
"29","Buena Park  City of",82625.0833333333,4014359242,5005403771,0.59,2368471952.78,48585.2368318338,28665.2897307819,133.110237895435,78.5350403583066
"30","Burbank  City of",106084,4901522336,6247940431,0.7075,3467827052.72,46204.1621356661,32689.4447109838,126.586745577167,89.5601224958459
"31","Burlingame  City of",30282,1169335873,1560936186,0.601666666666667,703550416.921667,38614.882537481,23233.2876600511,105.794198732825,63.6528429042495
"32","Calaveras County Water District",37376.6666666667,1348765000,1890004000,0.595833333333333,803639145.833333,36085.7486845626,21501.0919245519,98.8650648892125,58.9071011631558
"33","California-American Water Company Los Angeles District",102889,5595312158,7298619032,0.794166666666667,4443610405.47833,54382.0248811826,43188.3914264725,148.991848989541,118.324360072528
"34","California-American Water Company Monterey District",100623,3265581987,3894419847,0.68,2220595751.16,32453.6337318506,22068.4709376584,88.9140650187687,60.4615642127627
"35","California-American Water Company Sacramento District",201418,7916619071,11860183831,0.781666666666667,6188157240.49833,39304.4269677983,30722.9604131623,107.683361555612,84.1724942826366
"36","California-American Water Company San Diego District",95358.0833333333,2934021644,3736062571,0.7025,2061150204.91,30768.4628448733,21614.8451485235,84.297158479105,59.2187538315712
"37","California-American Water Ventura District",62144,4566973933,5783657544,0.660833333333333,3018008607.39083,73490.1830104274,48564.7626060574,201.342967151856,133.054144126185
"38","California City  City of",14120,1185535473,1197849398,0.598333333333333,709345391.345,83961.4357648725,50236.9257326487,230.031330862664,137.635412966161
"39","California Water Service Company Antelope Valley",3392.58333333333,176155282,290203281,0.908333333333333,160007714.483333,51923.6418658348,47163.9746947999,142.256553057082,129.216369026849
"40","California Water Service Company Bakersfield",278488.416666667,17932483827,24775363794,0.705833333333333,12657344834.5575,64392.2071935368,45450.1662441047,176.41700600969,124.521003408506
"41","California Water Service Company Bear Gulch",64009.5833333333,3389213278,4826706847,0.859166666666667,2911899074.68167,52948.5289780827,45491.6111470027,145.064462953651,124.634551087679
"42","California Water Service Company Chico District",102139,5927432968,8943187923,0.709166666666667,4203537879.80667,58033.0037302108,41155.0718120078,158.994530767701,112.753621402761
"43","California Water Service Company Dixon, City of",9893.25,375120162,503961816,0.8625,323541139.725,37916.7778030475,32703.2208551285,103.881583022048,89.5978653565164
"44","California Water Service Company Dominguez",142227.25,10195956321,11038901377,0.345,3517604930.745,71687.7836068686,24732.2853443697,196.404886594161,67.7596858749854
"45","California Water Service Company East Los Angeles",157505.583333333,4649378500,5308999545,0.533333333333333,2479668533.33333,29518.817057808,15743.3690974976,80.8734713912548,43.1325180753359
"46","California Water Service Company Hermosa/Redondo",95777.3333333333,3507562516,4097581694,0.756666666666667,2654055637.10667,36622.0523575515,27710.6862838807,100.334390020689,75.9196884489882
"47","California Water Service Company Kern River Valley",5580.16666666667,222752034,277625415,0.896666666666667,199734323.82,39918.5270451898,35793.6125838535,109.365827521068,98.0646920105576
"48","California Water Service Company King City",14853.6666666667,469714832,579005401,0.5425,254820296.36,31622.8203137273,17155.380020197,86.6378638732253,47.0010411512247
"49","California Water Service Company Livermore",58097.4166666667,2223968576,3725980731,0.765,1701335960.64,38279.9908085414,29284.1929685342,104.876687146689,80.2306656672169
"50","California Water Service Company Los Altos/Suburban",68606.3333333333,3319969849,4950497805,0.75,2489977386.75,48391.5942988743,36293.6957241557,132.579710407875,99.434782805906
"51","California Water Service Company Marysville",12176.5,567502846,749621207,0.6925,392995720.855,46606.4013468566,32274.9329326982,127.688770813306,88.4244737882143
"52","California Water Service Company Mid Peninsula",133984.75,4134761342,5206682196,0.716666666666667,2963245628.43333,30859.9399707803,22116.2903123925,84.5477807418637,60.5925761983357
"53","California Water Service Company Oroville",10680.4166666667,756887695,1077004136,0.433333333333333,327984667.833333,70866.8695821792,30708.9768189443,194.155807074464,84.1341830656009
"54","California Water Service Company Palos Verdes",69901.75,5428489264,6896775794,0.831666666666667,4514693571.22667,77658.8463665073,64586.2738948119,212.763962647965,176.948695602224
"55","California Water Service Company Redwood Valley",3448.5,94594669,140930742,0.9375,88682502.1875,27430.6710163839,25716.2540778599,75.1525233325587,70.4554906242738
"56","California Water Service Company Salinas District",120194.583333333,4776688654,6210728199,0.56,2674945646.24,39741.2971660537,22255.1264129901,108.880266208366,60.9729490766851
"57","California Water Service Company Selma",24794.1666666667,1287536745,1992223040,0.788333333333333,1015008133.975,51929.0187208013,40937.3764248983,142.271284166579,112.157195684653
"58","California Water Service Company South San Francisco",61223.25,2301781895,2768107871,0.403333333333333,928385364.316667,37596.5322814454,15163.9346868496,103.004198031357,41.5450265393141
"59","California Water Service Company Stockton",170780.583333333,7197927681,9009857126,0.565833333333333,4072827412.8325,42147.2250563223,23848.304844369,115.471849469376,65.337821491422
"60","California Water Service Company Visalia",138404.5,8090076302,10622886860,0.708333333333333,5730470713.91667,58452.4079925147,41403.7889946979,160.143583541136,113.435038341638
"61","California Water Service Company Westlake",19457.75,2125887295,2733372110,0.719166666666667,1528867279.65417,109256.583880459,78573.6932406967,299.333106521805,215.270392440265
"62","California Water Service Company Willows",7117.91666666667,340286644,491546876,0.73,248409250.12,47807.056465492,34899.1512198092,130.978236891759,95.614112930984
"63","Camarillo  City of",46957.5833333333,2501056335,3105083868,0.5675,1419349470.1125,53262.0326145404,30226.2035087517,145.923377026138,82.8115164623334
"64","Cambria Community Services District",6032,151905419,238565605,0.5925,90003960.7575,25183.2591180371,14921.081027437,68.9952304603757,40.8796740477726
"65","Camrosa Water District",35655.9166666667,2354139702,3000224879,0.684166666666667,1610623912.785,66023.816580231,45171.294510308,180.887168712962,123.756971261118
"66","Carlsbad Municipal Water District",85131,4683267050,5698913361,0.6425,3008999079.625,55012.4754789677,35345.5154952368,150.719110901281,96.8370287540733
"67","Carmichael Water District",38354,2327140000,3388950000,0.841666666666667,1958676166.66667,60675.2881055431,51068.3674888321,166.233666042584,139.913335585841
"68","Carpinteria Valley Water District",14616,848960926,999207111,0.324166666666667,275204833.511667,58084.3545429666,18829.0115976783,159.135217925936,51.5863331443242
"69","Casitas Municipal Water District",9603,3748555714,4427486713,0.111666666666667,418588721.396667,390352.568364053,43589.3701339859,1069.45909140836,119.422931873934
"70","Castaic Lake Water Agency Santa Clarita Water Division",120838.833333333,7098021633,9643898834,0.736666666666667,5228875936.31,58739.5743338579,43271.486425942,160.930340640707,118.552017605321
"71","Ceres  City of",47138.6666666667,2104828000,2596770000,0.754166666666667,1587391116.66667,44651.8357187306,33674.9261045426,122.333796489673,92.2600715192949
"72","Cerritos  City of",49041,2261092827,2839788669,0.87,1967150759.49,46106.1729369303,40112.3704551294,126.318282018987,109.896905356519
"73","Chino  City of",77951.75,4356219748,5158710350,0.5775,2515716904.47,55883.5401129545,32272.7444152312,153.10558935056,88.4184778499485
"74","Chino Hills  City of",76637.3333333333,3974109066,4981796059,0.749166666666667,2977270041.945,51856.0457827343,38848.8209655651,142.071358308861,106.435125933055
"75","Citrus Heights Water District",67333,3232772006,4841500503,0.95,3071133405.7,48011.7031173422,45611.1179614751,131.538912650253,124.96196701774
"76","City of Big Bear Lake, Dept of Water & Power",25616.8333333333,679800000,790090000,0.7525,511549500,26537.2378839435,19969.2715076675,72.7047613258726,54.7103328977191
"77","City of Newman Water Department",10668,615711000,848973000,0.641666666666667,395081225,57715.6917885264,37034.2355643045,158.125182982264,101.463659080286
"78","Clovis  City of",108231.166666667,6515115000,8840960800,0.804166666666667,5239238312.5,60196.2928115284,48407.8521359374,164.921350168571,132.624252427226
"79","Coachella  City of",44288.1666666667,2.113e+09,2567600000,0.703333333333333,1486143333.33333,47710.2612059655,33556.2170481957,130.713044399905,91.9348412279335
"80","Coachella Valley Water District",315453,30473104089,37427034225,0.719166666666667,21915240690.6725,96601.0914113988,69472.2849066977,264.660524414791,190.335027141637
"81","Coastside County Water District",16668,617360000,731420000,0.540833333333333,333888866.666667,37038.6369090473,20031.7294616431,101.475717559034,54.881450579844
"82","Colton, City of",47596.75,2938593338,3393058325,0.538333333333333,1581942746.95667,61739.3695577954,33236.3606119465,169.14895769259,91.0585222245111
"83","Compton  City of",81963,2285521907,2587260330,0.71,1622720553.97,27884.800544148,19798.2083863451,76.3967138195835,54.2416668119043
"84","Contra Costa Water District",198965.333333333,7689441974,11004002690,0.774166666666667,5952909661.53833,38647.1444305206,29919.3309799613,105.882587480878,81.9707698081132
"85","Corcoran, City of",24154,1621392000,2258919000,0.85,1378183200,67127.2667053076,57058.1766995115,183.910319740569,156.323771779483
"86","Corona  City of",172467.5,9474879056,11508243051,0.671666666666667,6363960432.61333,54937.1855914883,36899.4763222829,150.512837236954,101.094455677488
"87","Covina  City of ",33300,1587088701,1981844672,0.76,1206187412.76,47660.3213513514,36221.844227027,130.576222880415,99.2379293891151
"88","Crescent City  City of",18274.8333333333,660340000,758940000,0.63,416014200,36133.8452699067,22764.3225200412,98.9968363559088,62.3680069042225
"89","Crescenta Valley Water District",31907,1188305211,1565442391,0.845,1004117903.295,37242.7746575986,31470.1445856709,102.034999061914,86.2195742073174
"90","Crestline Village Water District",7505.08333333333,198934954,242700278,0.665833333333333,132457523.538333,26506.6948845782,17649.0410106483,72.6210818755568,48.3535370154749
"91","Cucamonga Valley Water District",201477.5,13455023559,17122879562,0.625833333333333,8420602244.0075,66781.7674876847,41794.2561527094,182.963746541602,114.504811377286
"92","Daly City  City of",105810,2168273454,2510217725,0.94,2038177046.76,20492.1411397789,19262.6126713921,56.1428524377503,52.7742812914853
"93","Davis  City of",67682,3001500000,4.021e+09,0.703333333333333,2111055000,44347.0937620047,31190.7892792766,121.498887019191,85.4542172034976
"94","Del Oro Water Company",9615,304504271,461990897,0.793333333333333,241573388.326667,31669.7109724389,25124.6373714682,86.7663314313394,68.8346229355293
"95","Delano  City of",52977.75,2647502000,3170251000,0.5325,1409794815,49973.8475114553,26611.0737998499,136.914650716316,72.9070515064382
"96","Desert Water Agency",104722.75,8874559167,11386101693,0.66,5857209050.22,84743.3739755688,55930.6268238754,232.173627330326,153.234594038015
"97","Diablo Water District",37769.3333333333,1455193000,1992189000,0.81,1178706330,38528.426942493,31208.0258234193,105.557334089022,85.5014406121078
"98","Dinuba  City of",23891,1264880000,1790480000,0.660833333333333,835874866.666667,52943.7863630656,34987.0188215925,145.051469487851,95.8548460865548
"99","Discovery Bay Community Services District",14622.8333333333,8.53e+08,1.288e+09,0.820833333333333,700170833.333333,58333.4283141662,47882.0224078781,159.817611819633,131.183623035282
"100","Downey  City of",111931,4491946643,5431216638,0.75,3368959982.25,40131.3902582841,30098.5426937131,109.949014406258,82.4617608046934
"101","Dublin San Ramon Services District",79001.75,2411917000,3696788000,0.730833333333333,1762709340.83333,30529.9186410428,22312.2822068287,83.6436127151856,61.1295402926815
"102","East Bay Municipal Utilities District",1390000,54335500000,69353200000,0.61,33144655000,39090.2877697842,23845.0755395683,107.096678821327,65.3289740810092
"103","East Niles Community Service District",28886,2445189109,3299245699,0.7275,1778875076.7975,84649.6264280274,61582.60322639,231.916784734322,168.719460894219
"104","East Orange County Water District",3247,233570304,328295313,0.975833333333333,227925688.32,71934.1866338158,70195.7771234986,197.079963380317,192.317197598626
"105","East Palo Alto, City of",29143,507224852,648743922,0.904166666666667,458615803.683333,17404.6890162303,15736.7396521749,47.6840794965214,43.1143552114381
"106","East Valley Water District",100629.25,5520881177,7108914847,0.770833333333333,4255679240.60417,54863.5826760112,42290.6783127586,150.311185413729,115.86487208975
"107","Eastern Municipal Water District",540188.916666667,24820429046,29261458145,0.745833333333333,18511903330.1417,45947.6828942714,34269.3134919774,125.884062724031,93.8885301150066
"108","El Centro  City of",44355.6666666667,2343193000,2676711000,0.675,1581655275,52827.3651619109,35658.4714842899,144.732507292907,97.694442422712
"109","El Dorado Irrigation District",122666.666666667,9004578333,12689957974,0.655833333333333,5905502623.3925,73406.8885842391,48142.6844298302,201.114763244491,131.897765561178
"110","El Monte  City of",22968,693215000,758081800,0.620833333333333,430370979.166667,30181.7746429815,18737.8517575177,82.6897935424152,51.3365801575828
"111","El Segundo  City of",16654,2377701818,2459802016,0.2025,481484618.145,142770.614747208,28911.0494863096,391.152369170433,79.2083547570126
"112","El Toro Water District",48628,2469585606,3124817428,0.645833333333333,1594940703.875,50785.2596446492,32798.8135205026,139.137697656573,89.8597630698701
"113","Elk Grove Water Service",44200.0833333333,1730721410,2553657410,0.810833333333333,1403326609.94167,39156.5191619171,31749.4109537878,107.278134690184,86.9846875446241
"114","Elsinore Valley Municipal Water District",147725,6898535391,8382951565,0.7575,5225640558.6825,46698.4964697918,35374.1110758673,127.941086218608,96.9153728105954
"115","Escondido  City of",134053,6188048938,8088544802,0.585,3620008628.73,46161.2118938032,27004.3089578749,126.469073681653,73.9844081037668
"116","Estero Municipal Improvement District",37137.5,1368403949,1495072333,0.630833333333333,863234824.494167,36846.9592460451,23244.2901243801,100.950573276836,63.6829866421373
"117","Eureka  City of",26887.6666666667,1001107000,1131375000,0.62,620686340,37232.9444726826,23084.4255730632,102.008067048446,63.2450015700363
"118","Exeter  City of",10472.8333333333,595158304,803005524,0.814166666666667,484558052.506667,56828.7764215351,46268.0954698665,155.695277867219,126.761905396894
"119","Fair Oaks Water District",36226,2649087380,3994602867,0.75,1986815535,73126.6874620438,54845.0155965329,200.347088937106,150.26031670283
"120","Fairfield  City of",107003,5.75e+09,7.249e+09,0.553333333333333,3181666666.66667,53736.8111174453,29734.3688183197,147.224140047795,81.4640241597801
"121","Fallbrook Public Utility District",34894,2420499343,3032200676,0.480833333333333,1163856767.42583,69367.2076288187,33354.0656681903,190.047144188544,91.3810018306584
"122","Fillmore  City of",15222,647513000,805464649,1,647513000,42537.9713572461,42537.9713572461,116.542387280126,116.542387280126
"123","Folsom  City of",62830.6666666667,5452797779,7303959735,0.5875,3203518695.1625,86785.6107261847,50986.5463016335,237.768796510095,139.689167949681
"124","Fortuna  City of",11987.8333333333,396214000,462816000,0.919166666666667,364186701.666667,33051.3437234974,30379.6934391814,90.551626639719,83.232036819675
"125","Fountain Valley  City of",58456.6666666667,2553078518,3316189973,0.551666666666667,1408448315.76333,43674.719473114,24093.8869093345,119.656765679764,66.01064906667
"126","Fresno  City of",519021.5,36128814730,47052982128,0.540833333333333,19539667299.8083,69609.4761585021,37647.1250223899,190.710893584937,103.14280828052
"127","Fruitridge Vista Water Company",21441,929432869,1335804374,0.9925,922462122.4825,43348.3918194114,43023.2788807658,118.762717313456,117.871996933605
"128","Fullerton  City of",138000,8084504245,9558734306,0.619166666666667,5005655545.02917,58583.3640942029,36272.8662683273,160.502367381378,99.3777158036364
"129","Galt  City of",24289,1356100000,2019800000,0.801666666666667,1087140166.66667,55831.8580427354,44758.5395309262,152.963994637631,122.626135701168
"130","Garden Grove  City of",177020,7208257172,8646663125,0.665833333333333,4799497900.35667,40720.0156592475,27112.7437597823,111.561686737664,74.2814897528283
"131","Georgetown Divide Public Utilities District",9803.91666666667,479747000,656324000,0.850833333333333,408184739.166667,48934.2184671092,41634.8642124321,134.066351964683,114.068121129951
"132","Gilroy  City of",53085.9166666667,2238568000,3088792000,0.65,1455069200,42168.7735761682,27409.7028245093,115.53088651005,75.0950762315324
"133","Glendale  City of",193300,7436887566,9007967190,0.785,5837956739.31,38473.2931505432,30201.5351231764,105.406282604228,82.7439318443189
"134","Glendora  City of",50571.6666666667,2945237449,4137039043,0.809166666666667,2383187969.14917,58238.8844016742,47124.963961688,159.558587401847,129.109490305995
"135","Golden State Water Company Artesia",47978,1629713326,1865988196,0.733333333333333,1195123105.73333,33967.92959273,24909.8150346687,93.062820802,68.2460685881333
"136","Golden State Water Company Barstow",31209,1712055983,2117610667,0.578333333333333,990139043.501667,54857.7648434746,31726.0740011428,150.295246146506,86.9207506880626
"137","Golden State Water Company Bay Point",22258,532636744,678227160,0.823333333333333,438537585.893333,23930.1259771767,19702.4703878755,65.5619889785664,53.9793709256864
"138","Golden State Water Company Bell-Bell Gardens",57934,1509246055,1705017592,0.751666666666667,1134449951.34167,26051.128094038,19581.7646173519,71.372953682296,53.6486701845258
"139","Golden State Water Company Claremont",37160,2619226355,3781375470,0.6525,1709045196.6375,70485.1010495156,45991.5284348089,193.109865889084,126.004187492627
"140","Golden State Water Company Cordova",43767,3777856274,5342171220,0.560833333333333,2118747727.00167,86317.4600498092,48409.7088446013,236.486191917286,132.629339300278
"141","Golden State Water Company Cowan Heights",7254,699342333,939527420,0.93,650388369.69,96407.8209263854,89659.2734615385,264.131016236672,245.641845100105
"142","Golden State Water Company Culver City",36215,1610227410,1884854994,0.554166666666667,892334356.375,44462.9962722629,24639.9104342123,121.816428143186,67.5066039293489
"143","Golden State Water Company Florence Graham",65492,1533033209,1669695296,0.8,1226426567.2,23407.9461460942,18726.3569168753,64.1313593043676,51.3050874434941
"144","Golden State Water Company Norwalk",44466,1385227003,1615929811,0.703333333333333,974276325.443333,31152.4986056762,21910.5906859923,85.3493112484281,60.0290155780611
"145","Golden State Water Company Orcutt",31872,1821151040,2619258940,0.836666666666667,1523696370.13333,57139.5281124498,47806.7385207497,156.546652362876,130.977365810273
"146","Golden State Water Company Placentia",46543,1950155619,2488038571,0.7275,1418738212.8225,41900.0842017059,30482.3112567411,114.794751237551,83.513181525318
"147","Golden State Water Company S Arcadia",26827,933955360,1189911656,0.87,812541163.2,34814.0067842099,30288.1859022626,95.3808405046848,82.9813312390757
"148","Golden State Water Company S San Gabriel",27656,783607512,884295603,0.804166666666667,630151040.9,28334.0870697136,22785.3283518947,77.6276358074346,62.4255571284787
"149","Golden State Water Company San Dimas",54872,3110545135,4033128281,0.675,2099617966.125,56687.2928816154,38263.9226950904,155.307651730453,104.832664918056
"150","Golden State Water Company Simi Valley",43351,1740274717,2433751723,0.771666666666667,1342911989.95167,40143.8194505317,30977.6473426603,109.983066987758,84.87026669222
"151","Golden State Water Company Southwest",271677,8777883498,9743120594,0.685,6012850196.13,32309.9986307269,22132.3490620479,88.5205441937724,60.6365727727341
"152","Golden State Water Company West Orange",111904,4379801615,5349698389,0.683333333333333,2992864436.91667,39138.919207535,26744.9281251489,107.229915637082,73.2737756853395
"153","Goleta Water District",86946,3750224072,4692586401,0.44,1650098591.68,43132.7958963035,18978.4301943735,118.172043551516,51.9956991626672
"154","Great Oaks Water Company Incorporated",98992.1666666667,2914093223,4108572663,0.78,2272992713.94,29437.6143196516,22961.3391693282,80.6509981360317,62.9077785461047
"155","Greenfield, City of",17898,506128729,656268032,0.868333333333333,439488446.348333,28278.5075986144,24555.1707647968,77.475363283875,67.2744404514981
"156","Groveland Community Services District",3378.33333333333,116473103,159299356,0.933333333333333,108708229.466667,34476.4981746423,32178.0649629995,94.4561593825817,88.1590820904096
"157","Grover Beach  City of",13156,407985540,583326191,0.82,334548142.8,31011.3666768015,25429.3206749772,84.962648429593,69.6693717122663
"158","Hanford  City of",57050,3788947751,4407424300,0.590833333333333,2238636629.54917,66414.5092199825,39239.9058641396,181.957559506801,107.506591408602
"159","Hawthorne  City of",44503.6666666667,1324227614,1420712221,0.823333333333333,1090280735.52667,29755.4721483623,24498.6720688183,81.5218415023625,67.1196495036118
"160","Hayward  City of",151963,4697425870,5750273080,0.611666666666667,2873258823.81667,30911.6421102505,18907.6210907699,84.6894304390425,51.8017016185477
"161","Healdsburg  City of",11687,522831704,690327580,0.7,365982192.8,44736.1772910071,31315.324103705,122.56486929043,85.7954085033013
"162","Helix Water District",270375,9120907293,11180288312,0.8,7296725834.4,33734.2849486824,26987.4279589459,92.4226984895408,73.9381587916326
"163","Hemet  City of",29982,1212389212,1478384666,0.5725,694092823.87,40437.2360749783,23150.3176529251,110.786948150626,63.4255278162331
"164","Hesperia Water District City of",91627,4069558471,4884838744,0.8525,3469298596.5275,44414.4026433257,37863.2782534351,121.683294913221,103.735008913521
"165","Hi-Desert Water District",23900.1666666667,924750056,990712163,0.685,633453788.36,38692.2011422514,26504.1577824422,106.006030526716,72.6141309108007
"166","Hillsborough  Town of",10850,813079355,1294957216,0.88,715509832.4,74938.1894009217,65945.6066728111,205.310107947731,180.672894994003
"167","Hollister  City of",21303.9166666667,886683169,1073625342,0.695833333333333,616983705.095833,41620.6645413402,28961.0457433492,114.02921792148,79.3453308036965
"168","Humboldt Bay Municipal Water District",572,201780000,180667000,0.0791666666666667,15974250,352762.237762238,27927.0104895105,966.471884280103,76.5123575055082
"169","Humboldt Community Service District",20032,732797498,794653307,0.615,450670461.27,36581.3447484026,22497.5270202676,100.222862324391,61.6370603295002
"170","Huntington Beach  City of",196041,8237067882,9994156531,0.705833333333333,5813997080.045,42017.0672563392,29657.0466384328,115.115252757094,81.2521825710487
"171","Huntington Park  City of",64219,1382261752,1559199079,0.705,974494535.16,21524.1867982996,15174.5516928012,58.9703747898618,41.5741142268526
"172","Imperial, City of",18022,824921000,924025000,0.755,622815355,45772.9996670736,34558.6147486406,125.405478539928,94.6811362976454
"173","Indian Wells Valley Water District",31120,1967849458,2530320000,0.8275,1628395426.495,63234.2370822622,52326.331185572,173.244485156883,143.35981146732
"174","Indio  City of",88411,5932700000,7116500000,0.72,4271544000,67103.6409496556,48314.621483752,183.845591642892,132.368825982882
"175","Inglewood  City of",87412.6666666667,2881463437,3344723805,0.690833333333333,1990610991.06083,32963.9118319999,22772.5690906066,90.3120872109587,62.3906002482373
"176","Irvine Ranch Water District",387011.5,17718731808,20430330526,0.548333333333333,9715771274.72,45783.4762222828,25104.6061285517,125.434181430912,68.77974281795
"177","Joshua Basin Water District",9514,446002298,547948500,0.699166666666667,311829940.018333,46878.5261719571,32775.9028818934,128.434318279335,89.7969941969681
"178","Jurupa Community Service District",118731,7024433628,8736142580,0.685,4811737035.18,59162.5913030295,40526.3750425752,162.089291241177,111.031164500206
"179","Kingsburg, City of",11654.8333333333,856071000,1357132000,0.8775,751202302.5,73452.0156158389,64454.1437028986,201.238398947504,176.586695076435
"180","La Habra  City of Public Works",63118,2698258359,3168914903,0.680833333333333,1837064232.7525,42749.4274058113,29105.2351587899,117.121718920031,79.7403702980545
"181","La Palma  City of",15866.6666666667,579934077,721855407,0.711666666666667,412719751.465,36550.4670378151,26011.7490419118,100.138265857028,71.2650658682514
"182","La Verne  City of",32228,2148396461,2745203773,0.645,1385715717.345,66662.4196661288,42997.2606846531,182.636766208572,117.800714204529
"183","Laguna Beach County Water District",19121,999650267,1181090857,0.618333333333333,618117081.761667,52280.229433607,32326.6085331137,143.233505297554,88.5660507756539
"184","Lake Arrowhead Community Services District",24774.8333333333,403283501,537126975,0.863333333333333,348168089.196667,16277.9501106634,14053.2969288727,44.5971235908586,38.5021833667746
"185","Lake Hemet Municipal Water District",52914,2535951764,3833576868,0.723333333333333,1834338442.62667,47925.9130664852,34666.4104514243,131.303871415028,94.9764669902036
"186","Lakeside Water District",35500,1071568935,1370791782,0.9,964412041.5,30185.0404225352,27166.5363802817,82.6987408836581,74.4288667952923
"187","Lakewood  City of",59081,2144545548,2743382267,0.78,1672745527.44,36298.3962356764,28312.7490638276,99.4476609196615,77.569175517336
"188","Lamont Public Utility District",19771,1050931600,1319432100,0.7275,764552739,53155.2071215417,38670.4131809216,145.63070444258,105.946337481977
"189","Las Virgenes Municipal Water District",75384,5842841936,7719420305,0.8,4674273548.8,77507.719622201,62006.1756977608,212.349916773153,169.879933418523
"190","Lathrop, City of ",19831,1122280000,1538370000,0.564166666666667,633152966.666667,56592.204124855,31927.435160439,155.047134588644,87.4724250970933
"191","Lee Lake Water District",15543,791893027,977573736,0.8,633514421.6,50948.531621952,40758.8252975616,139.585018142334,111.668014513867
"192","Lemoore  City of",25281,2075510200,2597105000,0.498333333333333,1034295916.33333,82097.6306316997,40911.9859314637,224.925015429314,112.087632688942
"193","Lincoln  City of",45632.6666666667,2485808000,3536612000,0.750833333333333,1866427506.66667,54474.3093398004,40901.1272626335,149.244683122741,112.057882911325
"194","Lincoln Avenue Water Company",16126,606266131,822973622,0.87,527451533.97,37595.5680888007,32708.1442372566,103.001556407673,89.6113540746756
"195","Linda County Water District",18808,929030000,1276888000,0.9,836127000,49395.4700127605,44455.9230114845,135.330054829481,121.797049346533
"196","Livermore  City of Division of Water Resources",27218,1484459000,2193104000,0.58,860986220,54539.6061429936,31632.9715629363,149.423578473955,86.6656755148939
"197","Livingston  City of",14800.4166666667,2189506000,2487769000,0.248333333333333,543727323.333333,147935.429745784,36737.2983868697,405.302547248724,100.650132566766
"198","Lodi  City of Public Works Department",63656.6666666667,3890700000,5189400000,0.65,2528955000,61120.0712153741,39728.0462899932,167.452249905135,108.843962438338
"199","Loma Linda  City of *",23584.5833333333,1522045497,1820121350,0.723333333333333,1100946242.83,64535.6110594845,46680.7586663604,176.809893313656,127.892489496878
"200","Lomita  City of",20463,661478395,784327644,0.9,595330555.5,32325.5825147828,29093.0242633045,88.5632397665282,79.7069157898754
"201","Lompoc  City of",40976,1334560000,1652800000,0.675,900828000,32569.3088637251,21984.2834830144,89.230983188288,60.2309136520944
"202","Long Beach  City of",473740.5,17071356260,19564771380,0.645,11011024787.7,36035.2476936213,23242.7347623857,98.7267060099214,63.6787253763993
"203","Los Angeles County Public Works Waterworks District 29",22207.25,2334103098,2684364055,0.82,1913964540.36,105105.454209774,86186.4724520145,287.960148519928,236.127321786341
"204","Los Angeles County Public Works Waterworks District 40",207006.333333333,12539867548,17017401781,0.745,9342201323.26,60577.2168709814,45130.0265688811,165.964977728716,123.643908407894
"205","Los Angeles Department of Water and Power",4003629.5,158095943651,183022600261,0.68,107505241682.68,39488.1553477913,26851.9456364981,108.18672698025,73.5669743465701
"206","Los Banos, City of",37168,2169047000,2765253000,0.650833333333333,1411688089.16667,58357.9154111063,37981.276613395,159.884699756456,104.058292091493
"207","Lynwood  City of",66853.6666666667,1747505359,1911773580,0.698333333333333,1220341242.36833,26139.2597613694,18253.9164000229,71.6144103051215,50.0107298630765
"208","Madera  City of",63643.3333333333,3021977000,3853902000,0.836666666666667,2528387423.33333,47483.0094799141,39727.4512648615,130.090436931272,108.842332232497
"209","Mammoth Community Water District",16739,535545000,779970000,0.6,321327000,31993.846705299,19196.3080231794,87.6543745350658,52.5926247210395
"210","Manhattan Beach  City of",35973.5,1507378926,1806354128,0.71,1070239037.46,41902.4817157074,29750.7620181522,114.801319769061,81.5089370360336
"211","Manteca  City of",74984.4166666667,3660865000,5164895000,0.7525,2754800912.5,48821.6773929694,36738.3122382095,133.758020254711,100.65291024167
"212","Marin Municipal Water District",188200,7462841634,9131328022,0.75,5597131225.5,39653.7812646121,29740.3359484591,108.640496615376,81.4803724615317
"213","Marina Coast Water District",32375,1051877731,1443906326,0.68,715276857.08,32490.4318455598,22093.4936549807,89.0148817686571,60.5301196026868
"214","Martinez  City of",35375,1043920705,1429352979,0.559166666666667,583725660.879167,29510.1259363958,16501.078752768,80.8496600997144,45.2084349390903
"215","McKinleyville Community Service District",16900,433968000,514645000,0.825833333333333,358385240,25678.5798816568,21206.2272189349,70.3522736483748,58.0992526546162
"216","Menlo Park  City of",16066,882996030,1344603179,0.4575,403970683.725,54960.5396489481,25144.4468893938,150.576820956022,68.8888955873801
"217","Merced  City of",83400,5834340000,8950680000,0.72,4200724800,69956.1151079137,50368.4028776978,191.66058933675,137.99562432246
"218","Mesa Water District",108000,4935964832,5945126700,0.619166666666667,3056184891.81333,45703.3780740741,28298.0082575309,125.214734449518,77.5287897466599
"219","Mid-Peninsula Water District",26496.6666666667,839833434,1110177911,0.85,713858418.9,31695.8145930306,26941.442404076,86.8378482000838,73.8121709700712
"220","Millbrae  City of",21532,681621943,855138577,0.72,490767798.96,31656.2299368382,22792.4855545235,86.7293970872279,62.4451659028041
"221","Milpitas  City of",70817,2823400895,3535339886,0.503333333333333,1421111783.81667,39868.9706567632,20067.3818972375,109.230056593872,54.9791284855821
"222","Mission Springs Water District",36655.3333333333,2361399673,2781497106,0.65,1534909787.45,64421.721432079,41874.1189308513,176.497866937203,114.723613509182
"223","Modesto, City of",220004.583333333,15136841145,20369973170,0.711666666666667,10772385281.525,68802.3900032386,48964.3675523048,188.49969863901,134.148952198095
"224","Monrovia  City of",37696.1666666667,2036757606,2552632000,0.7625,1553027674.575,54030.8945471909,41198.5570922331,148.029848074496,112.872759156803
"225","Monte Vista Water District",55249.5,2681649714,3279072237,0.655,1756480562.67,48537.0856568838,31791.7911052589,132.978316868175,87.1007975486544
"226","Montebello Land and Water Company",32219,976589761,1140137850,0.8,781271808.8,30310.9891989199,24248.7913591359,83.0438060244381,66.4350448195505
"227","Montecito Water District",13500,1247685116,2129439075,0.6625,826591389.35,92421.1197037037,61228.9918037037,253.208547133435,167.750662475901
"228","Monterey Park  City of",62183,2546190000,2920830000,0.695,1769602050,40946.7217728318,28457.9716321181,112.182799377621,77.9670455674468
"229","Morro Bay  City of",10234,354358490,413968987,0.655,232104810.95,34625.609732265,22679.7743746336,94.8646841979863,62.136368149681
"230","Moulton Niguel Water District",172068,7928939515,9480288834,0.755,5986349333.825,46080.2677720436,34790.6021678929,126.247308964503,95.3167182681998
"231","Mountain View  City of",75926.75,2890628012,3999826265,0.55,1589845406.6,38071.2727991123,20939.2000395118,104.304856983869,57.3676713411281
"232","Myoma Dunes Mutual Water Company",8995.5,1084300000,1438300000,0.783333333333333,849368333.333333,120538.046801178,94421.4699942564,330.241224112817,258.688958888374
"233","Napa  City of",85896,3730998838,4817061643,0.65,2425149244.7,43436.2349585545,28233.5527230604,119.003383448095,77.3521992412615
"234","Nevada Irrigation District",44761,2547950000,3490682000,0.8125,2070209375,56923.4378141686,46250.293224012,155.954624148407,126.713132120581
"235","Newhall County Water District",45036,2640302426,3441463552,0.71,1874614722.46,58626.4860556,41624.805099476,160.62050974137,114.040561916373
"236","Newport Beach  City of",65940.6666666667,4389459851,5346775500,0.473333333333333,2077677662.80667,66566.8103294881,31508.2902226244,182.374822820515,86.3240828017106
"237","Nipomo Community Services District",12514.5833333333,634749383,885173973,0.835833333333333,530544692.624167,50720.7764008657,42394.1156083902,138.961031235248,116.148261940795
"238","Norco  City of",26102.5,2136510054,2635486341,0.675833333333333,1443924711.495,81850.7826453405,55317.4872711426,224.248719576275,151.554759646966
"239","North Coast County Water District",39000,798490099,1002538473,0.795833333333333,635465037.120833,20474.1051025641,16293.9753107906,56.0934386371619,44.6410282487414
"240","North Marin Water District",61298.1666666667,2352500000,3.254e+09,0.82,1929050000,38377.9830283124,31469.9460832162,105.145158981678,86.2190303649759
"241","North Tahoe Public Utility District",7500,337989000,444334000,0.799166666666667,270109542.5,45065.2,36014.6056666667,123.466301369863,98.6701525114155
"242","Norwalk City of",18361,646500000,718890000,0.929166666666667,600706250,35210.500517401,32716.4233974184,96.4671247052083,89.634036705256
"243","Oakdale  City of",21967.9166666667,1225440000,1951180000,0.746666666666667,914995200,55783.1686360791,41651.4325816057,152.830599002957,114.113513922208
"244","Oceanside  City of",171739.5,7418952704,8919661451,0.625833333333333,4643027900.58667,43198.8721523004,27035.2941553147,118.353074389864,74.0692990556567
"245","Oildale Mutual Water Company",32135.8333333333,2558585406,3406124966,0.770833333333333,1972242917.125,79617.8328242097,61372.0794686617,218.131048833451,168.142683475785
"246","Olivehurst Public Utility District",19509,968300000,1517300000,0.891666666666667,863400833.333333,49633.5024860321,44256.5397167119,135.982198591869,121.250793744416
"247","Olivenhain Municipal Water District",83941.4166666667,5300364483,6675848525,0.685,3630749670.855,63143.6148385233,43253.3761643885,172.99620503705,118.502400450379
"248","Ontario  City of",168140,9704507199,11642997339,0.548333333333333,5321304780.785,57716.8264481979,31648.0598357619,158.128291638898,86.7070132486626
"249","Orange  City of",139394.416666667,8164077163,10330011598,0.625833333333333,5109351624.51083,58568.1791152563,36653.9187629646,160.460764699332,100.421695240999
"250","Orange Vale Water Company",14435.8333333333,1061138430,1674423402,0.866666666666667,919653306,73507.251399873,63706.2845465566,201.389729862666,174.537765880977
"251","Orchard Dale Water District",25605,639633316,767676636,0.875833333333333,560212179.263333,24980.7973442687,21879.0150073553,68.4405406692293,59.9425068694667
"252","Otay Water District",217875,8632814442,10570587707,0.67,5783985676.14,39622.7857349398,26547.2664424096,108.555577355999,72.7322368285196
"253","Oxnard  City of",198451.25,7468544034,8762773766,0.570833333333333,4263293886.075,37634.1496160896,21482.8270725178,103.107259222163,58.8570604726515
"254","Padre Dam Municipal Water District",89791,2925103089,3787599231,0.78,2281580409.42,32576.7959929169,25409.9008744752,89.2514958710052,69.616166779384
"255","Palmdale Water District",114508.5,5466679051,6963998942,0.8,4373343240.8,47740.3777972814,38192.3022378251,130.79555560899,104.636444487192
"256","Palo Alto  City of",64403,3108431876,4378115407,0.5875,1826203727.15,48265.3273294722,28355.8798060649,132.233773505403,77.6873419344245
"257","Paradise Irrigation District",26032,1.477e+09,2.154e+09,0.853333333333333,1260373333.33333,56737.8610940381,48416.3081335792,155.446194778187,132.647419544053
"258","Paramount  City of",55295.8333333333,1960087572,2148931509,0.604166666666667,1184219574.75,35447.2923879135,21416.0724843644,97.1158695559274,58.6741711900395
"259","Park Water Company",125591.5,3209669143,3942085392,0.695,2230720054.385,25556.420163785,17761.7120138306,70.0175894898218,48.6622246954262
"260","Pasadena  City of",166111,8881699761,10794349881,0.6675,5928534590.4675,53468.4624197073,35690.1986651546,146.488938136184,97.7813662059031
"261","Paso Robles  City of",30450,1679222000,2280354000,0.605,1015929310,55146.8637110016,33363.852545156,151.087297838361,91.4078151922082
"262","Patterson  City of",20993.6666666667,1004525596,1380094592,0.763333333333333,766787871.613333,47848.9828360934,36524.7235648846,131.09310366053,100.067735794205
"263","Perris, City of",9000,516406083,584941108,0.53,273695223.99,57378.4536666667,30410.5804433333,157.201242922374,83.3166587488585
"264","Petaluma  City of",61348,2502480624,3191983294,0.623333333333333,1559879588.96,40791.5600182565,25426.7390780466,111.757698680155,69.6622988439632
"265","Phelan Pinon Hills Community Services District",25160,879844474,1013714014,0.865833333333333,761798673.738333,34969.9711446741,30278.1666827636,95.8081401223947,82.9538813226401
"266","Pico Rivera  City of",39002,1433746278,1661190576,0.699166666666667,1002427606.035,36760.8399056459,25701.9539006974,100.714629878482,70.4163120567052
"267","Pico Water District",24988,891096122,1093850656,0.916666666666667,816838111.833333,35660.9621418281,32689.2152966757,97.7012661419947,89.5594939634952
"268","Pinedale County Water District",13988.3333333333,680767824,897899276,0.933333333333333,635383302.4,48666.8288335518,45422.3735779816,133.333777626169,124.444859117758
"269","Pismo Beach  City of",7822,565580321,697726111,0.46,260166947.66,72306.356558425,33260.9240168755,198.099607009383,91.1258192243164
"270","Pittsburg  City of",66183,2736480000,3299200000,0.708333333333333,1938340000,41347.1737455238,29287.5814030793,113.279928069928,80.2399490495324
"271","Placer County Water Agency",95717,7284987029,9932152714,0.6425,4680604166.1325,76109.6464473395,48900.4478424157,208.51957930778,133.973829705248
"272","Pleasanton  City of",73067,3689600000,5914710000,0.633333333333333,2336746666.66667,50496.1199994526,31980.8759996533,138.345534245075,87.6188383552145
"273","Pomona  City of",152124.833333333,6107374970,7524774910,0.621666666666667,3796751439.68333,40147.1267785558,24958.1304806688,109.992128160427,68.3784396730653
"274","Port Hueneme  City of",21555,619935599,712887976,0.7025,435504758.2975,28760.6401762932,20204.349723846,78.7962744555978,55.3543828050575
"275","Porterville  City of",61946,3120129900,4323685400,0.735833333333333,2295895584.75,50368.5451845155,37062.8544982727,137.996014204152,101.542067118555
"276","Poway  City of",48645.75,2886344301,3948198368,0.73,2107031339.73,59333.9459459459,43313.7805405405,162.55875601629,118.667891891892
"277","Quartz Hill Water District",20352,1303021202,1890466155,0.98,1276960777.96,64024.2335888365,62743.7489170597,175.408859147497,171.900681964547
"278","Rainbow Municipal Water District",19553,3030483442,4042284707,0.216666666666667,656604745.766667,154988.157418299,33580.7674406314,424.625088817257,92.0021025770725
"279","Ramona Municipal Water District",34960,1297801063,1679852086,1,1297801063,37122.4560354691,37122.4560354691,101.705359001285,101.705359001285
"280","Rancho California Water District",146160.666666667,13086193307,16405967648,0.615,8048008883.805,89532.9338969445,55062.7543466208,245.295709306697,150.856861223619
"281","Red Bluff  City of",14076,1031643335,1410607050,0.77,794365367.95,73290.9445154874,56434.0272769253,200.797108261609,154.613773361439
"282","Redding  City of",90748.3333333333,6908420000,9250037000,0.7025,4853165050,76127.2383331191,53479.3849290161,208.567776255121,146.518862819222
"283","Redlands  City of",77852,7473793500,9203836481,0.7,5231655450,96000.0192673277,67200.0134871294,263.013751417336,184.109625992135
"284","Redwood City  City of",87696,2666941339,3433275677,0.6975,1860191583.9525,30411.2084815727,21211.817915897,83.3183794015691,58.1145696325944
"285","Reedley  City of",24194.0833333333,1300320000,1597980000,0.4675,607899600,53745.3716301162,25125.9612370793,147.247593507168,68.8382499646009
"286","Rialto  City of",54036,2858114553,3373549601,0.720833333333333,2060224240.2875,52892.7854208306,38126.882824182,144.911740878988,104.457213216937
"287","Rincon Del Diablo Municipal Water District",29955,1643268746,2314522687,0.6975,1146179950.335,54857.9117342681,38263.393434652,150.295648587036,104.831214889457
"288","Rio Linda - Elverta Community Water District",10998.75,687367538,994597593,0.875833333333333,602019402.031667,62495.0597113308,54735.2564638406,171.219341674879,149.959606750248
"289","Rio Vista, city of",8324,627124000,830726000,0.7,438986800,75339.2599711677,52737.4819798174,206.408931427857,144.4862519995
"290","Ripon  City of",14915,1162913000,1578842000,0.765833333333333,890597539.166667,77969.359704995,59711.534640742,213.614684123274,163.593245591074
"291","Riverbank  City of",23298,1111455486,1306111930,0.9,1000309937.4,47706.0471285089,42935.442415658,130.701498982216,117.631349083995
"292","Riverside  City of",310781.333333333,18908506607,23180418814,0.576666666666667,10903905476.7033,60841.8350104682,35085.45818937,166.68995893279,96.1245429845754
"293","Riverside Highland Water Company",14832.5833333333,948048435,1289687363,0.831666666666667,788460281.775,63916.6093791259,53157.313466973,175.113998298975,145.636475251981
"294","Rohnert Park  City of",43398,1383600000,1.668e+09,0.691666666666667,956990000,31881.6535324208,22051.4770265911,87.3469959792352,60.4150055523044
"295","Rosamond Community Service District",17700,727600000,968500000,0.883333333333333,642713333.333333,41107.3446327684,36311.4877589454,112.622862007585,99.4835281066997
"296","Roseville  City of",122946,7455480649,11122840706,0.52,3876849937.48,60640.2863777593,31532.9489164349,166.137770897971,86.3916408669448
"297","Rowland Water District",62106,3364057547,3707342025,0.51,1715669348.97,54166.3856471194,27624.8566800309,148.401056567451,75.6845388493998
"298","Rubidoux Community Service District",30775,1524924000,1849490000,0.77,1174191480,49550.7392363932,38154.0692120227,135.755449962721,104.531696471295
"299","Rubio Canyon Land and Water Association",9600,554599129,725345278,0.8675,481114744.4075,57770.7426041667,50116.1192091146,158.276007134703,137.304436189355
"300","Sacramento  City of",478896.75,2.7645e+10,3.8193e+10,0.594166666666667,16425737500,57726.4305928157,34299.120843898,158.154604363879,93.9701940928712
"301","Sacramento County Water Agency",170157.916666667,9039913471,13244342139,0.730833333333333,6606670095.05583,53126.6111391624,38826.6983075379,145.552359285376,106.374515911063
"302","Sacramento Suburban Water District",174633.75,8945724000,12562887000,0.689166666666667,6165094790,51225.6307844274,35302.9972156012,140.344193929938,96.7205403167157
"303","San Bernardino  City of",198163,11627529171,14704582973,0.615833333333333,7160620047.8075,58676.5903372476,36135.0002160217,160.757781745884,99.0000005918402
"304","San Bernardino County Service Area 64",14042,769690398,1022443572,0.735,565722442.53,54813.4452357214,40287.8822482552,150.17382256362,110.377759584261
"305","San Bernardino County Service Area 70J",11428.5,574915423,708744114,0.78,448434029.94,50305.413921337,39238.2228586429,137.823051839279,107.501980434638
"306","San Bruno  City of",43899.8333333333,969988490,1263679665,0.720833333333333,699200036.541667,22095.4936806897,15927.1683614972,60.5355991251774,43.636077702732
"307","San Buenaventura  City of",113478,4422827036,5770108639,0.646666666666667,2860094816.61333,38975.1937468055,25203.9586229343,106.781352730974,69.0519414326966
"308","San Clemente  City of",51770.5,2467379591,3036153255,0.655,1616133632.105,47659.9528882279,31217.2691417892,130.575213392405,85.5267647720253
"309","San Diego  City of",1308841.5,53150864495,62423911819,0.54,28701466827.3,40609.0917005611,21928.909518303,111.257785480989,60.0792041597343
"310","San Dieguito Water District",37150.5833333333,1780624899,2097668561,0.795,1415596794.705,47929.9310867707,38104.2952139827,131.314879689783,104.395329353377
"311","San Fernando  City of",23666,900979195,1102681230,0.84,756822523.8,38070.6158624187,31979.3173244317,104.303057157311,87.6145680121416
"312","San Francisco Public Utilities Commission",846601,23837070000,27333810000,0.5475,13050795825,28156.2034535749,15415.5213908323,77.1402834344519,42.2343051803624
"313","San Gabriel County Water District",45000,1737368121,2133176592,0.75,1303026090.75,38608.1804666667,28956.13535,105.775836894977,79.3318776712329
"314","San Gabriel Valley Fontana Water Company",209035,11374495762,14418273942,0.65,7393422245.3,54414.3122539288,35369.3029650537,149.08030754501,96.9021999042567
"315","San Gabriel Valley Water Company",271817,10171778144,12958459551,0.5975,6077637441.04,37421.4200877796,22359.2985024483,102.524438596657,61.2583520615023
"316","San Jacinto  City of",15454.6666666667,739781486,988936643,0.825,610319725.95,47867.8383659736,39490.9666519282,131.144762646503,108.194429183365
"317","San Jose  City of",117502.75,5.237e+09,7.089e+09,0.605,3168385000,44569.1696577314,26964.3476429275,122.107314130771,73.8749250491165
"318","San Jose Water Company",990000,34446700000,47826600000,0.705,24284923500,34794.6464646465,24530.2257575758,95.327798533278,67.206097965961
"319","San Juan Capistrano  City of",39047,2288506709,2786388137,0.62,1418874159.58,58609.0278126361,36337.5972438344,160.572678938729,99.5550609420119
"320","San Juan Water District",33056.25,3130712081,4869403162,0.915,2864601554.115,94708.6278994139,86658.3945279637,259.475692875107,237.420258980723
"321","San Luis Obispo  City of",45670.5833333333,1538276157,1862126859,0.6,922965694.2,33681.9905665025,20209.1943399015,92.2794262095959,55.3676557257575
"322","Sanger  City of",25664,1686823000,2044871000,0.59,995225570,65727.2054239401,38779.0512001247,180.074535408055,106.243975890753
"323","Santa Ana  City of",332005,11048709505,12891431912,0.67,7402635368.35,33278.7443110797,22296.7586884234,91.1746419481634,61.0870101052695
"324","Santa Barbara  City of",93091,3277706918,4771181764,0.661666666666667,2168749410.74333,35209.7078987228,23297.0900596549,96.4649531471856,63.8276439990545
"325","Santa Clara  City of",120135,5741900000,7.094e+09,0.503333333333333,2890089666.66667,47795.3968452158,24057.016412092,130.946292726619,65.9096340057314
"326","Santa Cruz  City of",95111.6666666667,2499200000,3361500000,0.571666666666667,1428709333.33333,26276.4820298947,15021.3888937565,71.9903617257389,41.1544901198807
"327","Santa Fe Irrigation District",19763.5,2743023829,3665740574,0.84,2304140016.36,138792.411718572,116585.625843601,380.253182790609,319.412673544111
"328","Santa Fe Springs  City of",18199,1718550202,2139889129,0.27,464008554.54,94431.0237925161,25496.3764239793,258.715133678126,69.8530860930941
"329","Santa Margarita Water District",155420.25,7695274715,9329452206,0.721666666666667,5553423252.65833,49512.6903669245,35731.6582147972,135.651206484725,97.894954013143
"330","Santa Maria  City of",101841,3908587867,4486648299,0.700833333333333,2739268663.45583,38379.3154721576,26897.5035934038,105.14880951276,73.6917906668596
"331","Santa Monica  City of",92734,3837600000,4570700000,0.668333333333333,2564796000,41382.8800655639,27657.5581771519,113.377753604285,75.7741319921969
"332","Santa Paula  City of",30009,1273156919,1628569589,0.754166666666667,960172509.745833,42425.8362158019,31996.1514794173,116.235167714526,87.6606889847049
"333","Santa Rosa  City of",170753.75,5389211490,7111187431,0.7225,3893705301.525,31561.3067941407,22803.0441587666,86.4693336825772,62.474093585662
"334","Scotts Valley Water District",10442.3333333333,359246343,476909154,0.701666666666667,252071184.005,34402.8802311105,24139.3542954959,94.2544663866042,66.135217247934
"335","Seal Beach  City of",25096.6666666667,1065152920,1240043899,0.473333333333333,504172382.133333,42442.0077035463,20089.2169796786,116.279473160401,55.0389506292564
"336","Shafter  City of",18845,1.398e+09,1.867e+09,0.691666666666667,966950000,74184.1337224728,51310.692491377,203.244201979378,140.577239702403
"337","Shasta Lake  City of",10224.75,546962100,816714144,0.716666666666667,391989505,53493.9338370131,38337.3192498594,146.558722841132,105.033751369478
"338","Soledad, City of",16729,657641772,803521300,0.756666666666667,497615607.48,39311.4813796401,29745.687577261,107.702688711343,81.4950344582494
"339","Sonoma  City of",11553.5,574304995,768643761,0.729166666666667,418764058.854167,49708.3130653049,36245.6449434515,136.187159083027,99.3031368313739
"340","Soquel Creek Water District",38828.5,1012286000,1397242000,0.739166666666667,748248068.333333,26070.695494289,19270.5890861953,71.426562998052,52.7961344827268
"341","South Coast Water District",34940.0833333333,1661092821,2183693337,0.674166666666667,1119853410.1575,47541.1808596144,32050.6794295234,130.249810574286,87.8100806288312
"342","South Gate  City of",95900,2505569379,2750912692,0.9,2255012441.1,26126.896548488,23514.2068936392,71.5805384890082,64.4224846401074
"343","South Pasadena  City of",25899,1118364458,1498147554,0.789166666666667,882575951.438333,43181.7621529789,34077.6072990592,118.306197679394,93.3633076686553
"344","South Tahoe Public Utilities District",33124,1702713000,2064640000,0.440833333333333,750612647.5,51404.2084289337,22660.6885490883,140.833447750503,62.0840782166802
"345","Stockton  City of",177808,8104430000,11408810000,0.71,5754145300,45579.670206065,32361.5658463061,124.87580878374,88.6618242364551
"346","Suburban Water Systems San Jose Hills",178500,7692218228,9525921065,0.720833333333333,5544807306.01667,43093.6595406162,31063.3462521942,118.064820659223,85.1050582251896
"347","Suburban Water Systems Whittier/La Mirada",115000,6005725292,7427620354,0.698333333333333,4193998162.24667,52223.6981913043,36469.5492369275,143.078625181656,99.9165732518562
"348","Suisun-Solano Water Authority",28324,1058400000,1.396e+09,0.663333333333333,702072000,37367.603445841,24787.1769524079,102.37699574203,67.9100738422133
"349","Sunny Slope Water Company",30611,1054851989,1375972738,0.873333333333333,921237403.726667,34459.8996765869,30094.9790508858,94.4106840454434,82.4519973996872
"350","Sunnyslope County Water District",19158.3333333333,632338964,879829764,0.928333333333333,587021338.246667,33005.9485341453,30640.5222225315,90.4272562579323,83.9466362261138
"351","Sunnyvale  City of",147622.583333333,5013875908,6878723624,0.608333333333333,3050107844.03333,33964.1523321578,20661.5260020627,93.0524721428982,56.6069205535964
"352","Susanville  City of",9097.08333333333,846043000,1027451000,0.728333333333333,616201318.333333,93001.5664361288,67736.1408876471,254.798812153778,185.578468185335
"353","Sweetwater Authority",190735,5722472419,6936822934,0.713333333333333,4082030325.55333,30002.2146905392,21401.5798125846,82.1978484672308,58.6344652399579
"354","Sweetwater Springs Water District",7733,214279897,274660168,0.826666666666667,177138048.186667,27709.8017586965,22906.7694538558,75.9172650923192,62.7582724763172
"355","Tahoe City Public Utilities District",8654.16666666667,310059160,449728535,0.659166666666667,204380662.966667,35827.731535869,23616.446370727,98.158168591422,64.7025927965124
"356","Tehachapi, City of",8874,584285498,769551259,0.503333333333333,294090367.326667,65842.4045526257,33140.6769581549,180.390149459248,90.7963752278217
"357","Thousand Oaks  City of",51609,3128991588,4121792456,0.685833333333333,2145966730.77,60628.7970702784,41581.2499906993,166.106293343229,113.921232851231
"358","Torrance  City of",105129.75,5236758283,6371047101,0.568333333333333,2976224290.83833,49812.3345960587,28310.0101620934,136.472149578243,77.5616716769681
"359","Trabuco Canyon Water District",13175,790841414,965171927,0.621666666666667,491639745.703333,60025.9137760911,37316.1097308033,164.45455829066,102.235917070694
"360","Tracy  City of",85183.5,4432127206,5985071784,0.605833333333333,2685130398.96833,52030.3486708107,31521.7195697328,142.548900467974,86.3608755335145
"361","Triunfo Sanitation District / Oak Park Water Service",12200,645348752,901174705,0.89,574360389.28,52897.4386885246,47078.7204327869,144.924489557602,128.982795706265
"362","Truckee-Donner Public Utilities District",32776,1188657233,1641856890,0.8025,953897429.4825,36266.0859470344,29103.5339724951,99.3591395809162,79.7357095136853
"363","Tulare, City of",61792.25,4958600000,6170100000,0.548333333333333,2718965666.66667,80246.3092054424,44001.7262143176,219.852901932719,120.552674559774
"364","Tuolumne Utilities District",28997,1221617000,1759923555,0.765,934537005,42129.0823188606,32228.7479739283,115.422143339344,88.2979396545982
"365","Turlock  City of",71181,5561964827,7432325200,0.545,3031270830.715,78138.3350472739,42585.3926007643,214.077630266504,116.672308495245
"366","Tustin  City of",67700,3148800094,3981937023,0.883333333333333,2781440083.03333,46511.0796750369,41084.7870462826,127.427615548046,112.561060400774
"367","Twentynine Palms Water District",18795,780828650,919021262,0.85,663704352.5,41544.4878957169,35312.8147113594,113.820514782786,96.7474375653682
"368","Upland  City of",75670,5413433518,7204014047,0.716666666666667,3879627354.56667,71540.0227038457,51270.3496044227,196.000062202317,140.466711244994
"369","Valencia Water Company",118224,7554024638,10299397857,0.510833333333333,3858847585.91167,63895.864105427,32640.137247189,175.057161932677,89.4250335539423
"370","Vallecitos Water District",95087.1666666667,4134793926,5466679050,0.643333333333333,2660050759.06,43484.2478848355,27974.8661392442,119.134925711878,76.6434688746415
"371","Vallejo  City of",124000,4838303000,5864744000,0.654166666666667,3165056545.83333,39018.5725806452,25524.649563172,106.900198851083,69.9305467484166
"372","Valley Center Municipal Water District",25428.5833333333,3832762242,4828727128,0.221666666666667,849595630.31,150726.534457615,33411.048471438,412.949409472918,91.5371190998301
"373","Valley County Water District",70779.4166666667,2139200934,2646414421,0.705833333333333,1509919325.915,30223.4891829428,21332.7461149604,82.8040799532679,58.4458797670149
"374","Valley of the Moon Water District",23478,772779469,1044334273,0.7875,608563831.8375,32915.0468097794,25920.5993627013,90.1782104377517,71.0153407197295
"375","Valley Water Company",9900,970320379,1280465770,0.884166666666667,857924935.099167,98012.1594949495,86659.0843534512,268.526464369725,237.422148913565
"376","Vaughn Water Company",30449.3333333333,3208559855,4222720215,0.96,3080217460.8,105373.730842492,101158.781608793,288.69515299313,277.147346873405
"377","Ventura County Waterworks District No 1",38703,3170436628,3958964498,0.569166666666667,1804506847.43667,81917.0769191019,46624.4696131221,224.430347723567,127.738272912663
"378","Ventura County Waterworks District No. 8",90687,5533488370,7179774499,0.66,3652102324.2,61017.4376702284,40271.5088623507,167.171062110215,110.332900992742
"379","Vernon  City of",114.5,2307252941,2555841736,0,0,20150680.7074236,0,55207.3444039002,0
"380","Victorville Water District",125566.916666667,6280554902,7786871552,0.826666666666667,5191925385.65333,50017.5927603011,41347.8766818489,137.034500713154,113.281853922874
"381","Vista Irrigation District",124746,5175498215,6303270003,0.670833333333333,3471896719.22917,41488.2899251279,27831.7278247733,113.666547740076,76.2513091089679
"382","Walnut Valley Water District",113236,5410244842,6780942129,0.8425,4558131279.385,47778.4877777385,40253.3759527447,130.899966514352,110.283221788342
"383","Wasco  City of",25327.5,1171379000,1472351000,0.710833333333333,832655239.166667,46249.2942453854,32875.5399927615,126.710395192837,90.0699725829082
"384","Watsonville  City of",65739,2042863324,2503822978,0.68,1389147060.32,31075.3635437107,21131.2472097233,85.1379823115362,57.8938279718447
"385","West Kern Water District",21181,4827290122,5979696280,0.168333333333333,812593837.203333,227906.620178462,38364.2810633744,624.401699119074,105.107619351711
"386","West Sacramento  City of",50836,3300549104,4711159932,0.5325,1757542397.88,64925.4289086474,34572.7908938547,177.877887420952,94.7199750516568
"387","West Valley Water District",73013.4166666667,5528470256,6690567235,0.681666666666667,3768573891.17333,75718.5529508846,51614.813594853,207.448090276396,141.410448205077
"388","Westborough Water District",14050,266744853,336172301,0.869166666666667,231845734.7325,18985.3987900356,16501.4757816726,52.0147912055769,45.209522689514
"389","Western Municipal Water District of Riverside",96139,6611851305,8325503961,0.624166666666667,4126897189.5375,68773.8722578766,42926.358600958,188.421567829799,117.606461920433
"390","Westminster  City of",93403,3496809418,4071122557,0.750833333333333,2625521071.34833,37437.870496665,28109.6010979126,102.569508210041,77.0126057477058
"391","Whittier  City of",49661.6666666667,2313958962,2736790291,0.740833333333333,1714257931.015,46594.4684766923,34518.7353964829,127.656078018335,94.5718777985832
"392","Windsor, Town of",27579,993066439,1273136392,0.703333333333333,698456728.763333,36008.0655208673,25325.6727496767,98.6522343037461,69.3854047936347
"393","Winton Water & Sanitary District",8500,454384000,578063000,0.891666666666667,405159066.666667,53456.9411764706,47665.7725490196,146.457373086221,130.591157668547
"394","Woodland  City of",57171.9166666667,2790444180,3972467720,0.600833333333333,1676591878.15,48807.9522726047,29325.4446571233,133.720417185218,80.3436839921187
"395","Yorba Linda Water District",72939,4806875531,6802630799,0.7675,3689276970.0425,65902.6793759169,50580.3064210162,180.555285961416,138.576181975387
"396","Yreka, City of",7840,639020000,765100000,0.425833333333333,272116016.666667,81507.6530612245,34708.6755952381,223.308638523903,95.0922619047619
"397","Yuba City  City of",67380.3333333333,4231860000,5585900000,0.673333333333333,2849452400,62805.5664115642,42289.0813837866,172.07004496319,115.860496941881
"398","Yucaipa Valley Water District",44369.8333333333,3126190000,3871530000,0.884166666666667,2764072991.66667,70457.5556214996,62296.2220953426,193.034398963013,170.67458108313
