"","pwsid","district","severity","simpson","ground","surf","imported","recycled","desal","tot.source","propground","propsurf","propdesal","proprecyc","propbank","propimport","casgem","adj","totgpcd15","rgpcd15","totgpcd10","rgpcd10","changetot","changer","medinc","buyertier","sellertier","buyers","sellers","region"
"1",110001,"Alameda County Water District",153.26285,0.552571307,1,1,2,0,1,5,0.479750779,0.03894081,0.017133956,0,0,0.464174455,"20.25,19.75,14.75","0,0,0",94.47,64.24024687,103,73,-8.28,-12,93.792,0,1,0,2,"North"
"2",110003,"CA Water Service Co - Livermore",159.4417,0.41997654,1,0,1,0,0,2,0.299970677,0,0,0,0,0.700029323,"17.25","0",104.75,82.44199838,124,92,-15.52,-10,100,0,2,0,1,"North"
"3",110005,"East Bay Municipal Utility District",132.5257333,0.280532723,0,1,0,1,0,2,0,0.831260681,0,0.168739319,0,0,"0.0,17.25,14.75,0.0,0.0","0,0,0,0,0",107.1,66.39994087,115,70,-6.87,-5,69.2675,NA,NA,NA,NA,"North"
"4",110006,"Hayward, City of",159.4417,0,0,0,1,0,0,1,0,0,0,0,0,1,"19.75,0.0,14.75","0,0,0",84.67,71.96989207,85,57,-0.39,26,63.167,0,1,0,1,"North"
"5",110008,"Pleasanton, City of",159.4417,0.339553003,1,0,1,0,0,2,0.21676247,0,0,0,0,0.78323753,"0.0,17.25","0,0",138.35,94.35165436,167,99,-17.16,-5,126.696,0,2,0,1,"North"
"6",110009,"Dublin San Ramon Service District",159.4417,0.264384301,0,0,1,1,0,2,0,0,0,0.156768519,0,0.843231481,"17.25","0",83.62,70.90897671,93,63,-10.09,13,123.6435,0,2,0,1,"North"
"8",110011,"Livermore, City of",159.4417,0.292260449,0,0,1,1,0,2,0,0,0,0.177663602,0,0.822065982,"17.25","0",149.47,94.16859799,179,104,-16.49,-9,104.564,0,2,0,1,"North"
"9",410002,"CA Water Service Co - Chico Hamilton City District",161.09475,0,1,0,0,0,0,1,1,0,0,0,0,0,"21.5,22.75","0,0",159,108.1171368,195,138,-18.46,-22,40.938,NA,NA,NA,NA,"North"
"10",410005,"CA Water Service Co - Oroville",187.927,0.365556555,1,0,2,0,0,3,0.240728477,0,0,0,0,0.759271523,"17.5,14.25","0,0",193.79,100.3818837,222,108,-12.71,-7,36.577,0,1,0,2,"North"
"11",410007,"Paradise Irrigation District",175.95875,0.002298671,1,1,0,0,0,2,0.00115066,0.99884934,0,0,0,0,"","",155.45,135.7667065,190,165,-18.19,-18,40.536,NA,NA,NA,NA,"North"
"12",710001,"Antioch, City of",160.5808,0.434669257,0,2,1,0,0,3,0,0.307686338,0,0,0,0.692313662,"0.0,19.0","0,0",114.39,82.35787953,132,77,-13.34,7,69.291,0,2,0,1,"North"
"13",710002,"Golden State Water Company - Bay Point",135.3593,0.19165974,1,0,1,0,0,2,0.107305936,0,0,0,0,0.892237443,"0","0",65.56,55.20312223,70,57,-6.34,-3,49.335,0,2,0,1,"North"
"14",710003,"Contra Costa Water District",160.2011,0.271679152,1,3,2,1,0,7,0.014492754,0.094202899,0,0.041062802,0,0.850241546,"0.0,0.0,0.0,0.0,19.0","0,0,0,0,0",105.82,78.62535727,111,82,-4.67,-4,75.377,1,1,6,2,"North"
"15",710004,"Brentwood,City of",185.8023,0.649469413,1,1,1,1,0,4,0.300469484,0.444444444,0,0.004694836,0,0.250391236,"19","0",128.8,99.75842211,156,114,-17.43,-12,90.042,0,2,0,1,"North"
"16",710006,"Martinez, City of",135.3593,0.003173336,1,0,1,0,0,2,0.001589193,0,0,0,0,0.998410807,"0.0,0.0","0,0",80.84,51.74018922,80,37,1.06,40,75.735,0,2,0,1,"North"
"17",710007,"Diablo Water District",185.8023,0.194684457,1,0,1,0,0,2,0.109297148,0,0,0,0,0.890808863,"19","0",105.26,85.25692195,119,96,-11.55,-11,78.0735,0,2,0,1,"North"
"18",710008,"Pittsburg, City of",160.5808,0.283807282,1,0,1,1,0,3,0.113658275,0,0,0.049169791,0,0.837171934,"0.0,19.0","0,0",113.28,80.42874893,126,92,-10.1,-13,57.375,0,2,0,1,"North"
"19",810001,"Crescent City, City of",-82.7502,0,1,0,0,0,0,1,1,0,0,0,0,0,"0","0",99.01,62.18123646,105,66,-5.7,-6,43.281,NA,NA,NA,NA,"North"
"20",910001,"El Dorado Irrigation District",182.1619667,0.770633098,0,4,1,1,0,6,0,0.848678032,0,0.043885363,0,0.107436605,"22.25","0",203.4,138.3153503,298,169,-31.74,-18,70.655,0,1,0,1,"North"
"21",910002,"South Tahoe Public Utility District",190.8314,0,1,0,0,0,0,1,1,0,0,0,0,0,"0","0",140.83,59.15004806,182,98,-22.62,-40,47.4465,NA,NA,NA,NA,"North"
"22",910013,"Georgetown Divide Public Utility District",173.2804,0,0,1,0,0,0,1,0,1,0,0,0,0,"","",133.81,113.7351854,167,142,-19.88,-20,74.75,NA,NA,NA,NA,"North"
"23",1010001,"Bakman Water Company",217.0267,0,1,0,0,0,0,1,1,0,0,0,0,0,"22.75","0",187.41,164.9190901,272,240,-31.1,-31,37.5185,NA,NA,NA,NA,"North"
"24",1010003,"Clovis, City of",217.0267,0.648384568,2,1,1,1,0,5,0.483516677,0.470038309,0,0.039310442,0,0.007134573,"22.75","0",164.92,123.2110073,228,165,-27.67,-25,66.917,0,1,0,1,"North"
"25",1010007,"Fresno, City of",216.7658,0.480043556,1,0,2,1,0,4,0.398481421,0,0,0.000545449,0,0.60097313,"22.75,25.0","0,0",190.6,106.7356014,247,145,-22.83,-26,38.4345,0,1,0,2,"North"
"26",1010018,"Kerman, City of",217.0267,0.194947175,1,0,0,1,0,2,0.8905463,0,0,0.1094537,0,0,"22.75","0",163.96,114.7751528,237,166,-30.82,-31,43.1165,NA,NA,NA,NA,"North"
"27",1010021,"Park Water Company",216.7658,0.36716301,1,0,1,1,0,3,0.209894119,0,0,0.023133731,0,0.766972151,"22.5,22.25","0,0",70.22,49.85783771,76,53,-7.6,-6,25.542,0,3,0,1,"North"
"28",1010024,"CA Water Service Co - Selma",217.0267,0,1,0,0,0,0,1,1,0,0,0,0,0,"22.75","0",142.31,109.8636542,195,159,-27.02,-31,44.663,NA,NA,NA,NA,"North"
"30",1110003,"CA Water Service Co - Willows",155.651,0,1,0,0,0,0,1,1,0,0,0,0,0,"19.75","0",130.88,91.22204362,175,131,-25.21,-30,47.005,NA,NA,NA,NA,"North"
"31",1210004,"Eureka, City of",56.4078,0,0,0,1,0,0,1,0,0,0,0,0,1,"0","0",101.96,59.1394677,114,73,-10.56,-19,39.436,1,1,1,1,"North"
"32",1210006,"Fortuna, City of",74.0133,0,1,0,0,0,0,1,1,0,0,0,0,0,"16.25","0",90.52,72.4146501,106,106,-14.61,-32,46.958,NA,NA,NA,NA,"North"
"33",1210009,"Humboldt Community Services District",56.4078,0.454977987,1,0,2,0,0,3,0.349963316,0,0,0,0,0.650036684,"0","0",100.22,60.13371739,110,69,-8.89,-13,51.088,0,2,0,2,"North"
"34",1210013,"Humboldt Bay Municipal WD",56.4078,0,0,1,0,0,0,1,0,1,0,0,0,0,"0","0",984.99,71.01771537,983,79,0.2,-10,33.162,2,0,4,0,"North"
"35",1210016,"McKinleyville Community Services District",56.4078,0,0,0,1,0,0,1,0,0,0,0,0,1,"0.0,0.0","0,0",70.35,61.20647807,83,59,-15.24,4,48.086,0,1,0,1,"North"
"36",1210021,"Arcata, City of",56.4078,0.29881802,1,0,1,0,0,2,0.182839173,0,0,0,0,0.817160827,"0","0",94.08,47.98123431,106,43,-11.24,12,59.6875,0,1,0,1,"North"
"37",1310001,"Brawley, City of",-13.9743,0,0,0,1,0,0,1,0,0,0,0,0,1,"0","0",151.96,124.0004404,212,115,-28.32,8,42.273,0,1,0,1,"South"
"39",1310004,"El Centro, City of",-13.9743,0,0,0,1,0,0,1,0,0,0,0,0,1,"0","0",144.72,101.3044988,171,120,-15.37,-16,33.912,0,1,0,1,"South"
"40",1310006,"Imperial, City of",-13.9743,0,0,0,1,0,0,1,0,0,0,0,0,1,"0","0",125.41,96.76286724,145,104,-13.51,-7,55.043,0,1,0,1,"South"
"41",1500333,"CA Water Service Co - Antelope Valley",144.0867,0.283164783,1,0,1,0,0,2,0.828389831,0,0,0,0,0.170550847,"10.75","0",142.31,130.3570607,178,161,-20.05,-19,30.0225,0,2,0,1,"South"
"42",1510001,"Arvin Community Services District",217.0267,0,1,0,0,0,0,1,1,0,0,0,0,0,"22.5","0",93.26,77.40781974,111,97,-15.98,-20,32.24,NA,NA,NA,NA,"North"
"43",1510003,"CA Water Service Co - Bakersfield",217.0267,0.490185083,1,0,2,0,0,3,0.570053254,0,0,0,0,0.429946746,"22.5","0",176.38,123.4692781,220,163,-19.83,-24,38.036,1,2,1,1,"North"
"44",1510005,"Delano, City of",217.0267,0.450140863,1,0,0,1,0,2,0.657891002,0,0,0.342108998,0,0,"22.5","0",136.42,69.57661,165,88,-17.32,-21,42.481,NA,NA,NA,NA,"North"
"45",1510006,"East Niles Community Services District",217.0267,0.488144543,1,0,1,0,0,2,0.423008257,0,0,0,0,0.576991743,"22.5","0",233.08,195.788963,342,192,-31.85,2,41.54,0,2,0,1,"North"
"46",1510015,"Oildale Mutual Water Company",217.0267,0.041357067,1,0,1,0,0,2,0.02112479,0,0,0,0,0.97887521,"22.5","0",216.89,168.286876,277,215,-21.7,-22,37.708,0,3,0,1,"North"
"47",1510017,"Indian Wells Valley Water District",52.08595,0.402723649,1,0,0,1,0,2,0.720540643,0,0,0.279459357,0,0,"19.25,14.75","0,0",173.24,147.4310569,182,153,-4.81,-4,56.6025,NA,NA,NA,NA,"South"
"48",1510018,"Rosamond Community Services District",144.0867,0.174817898,1,0,1,0,0,2,0.903225806,0,0,0,0,0.096774194,"21.5,10.75","0,0",112.62,102.4868044,146,130,-22.86,-21,54.423,0,2,0,1,"South"
"49",1510019,"Shafter, City of",217.0267,0,1,0,0,0,0,1,1,0,0,0,0,0,"22.5","0",202.99,172.537749,260,148,-21.93,17,40.996,NA,NA,NA,NA,"North"
"50",1510021,"Wasco, City of",217.0267,0.407563792,1,0,0,1,0,2,0.714983962,0,0,0.285016038,0,0,"22.5","0",125.66,89.21867667,144,95,-12.74,-6,41.896,NA,NA,NA,NA,"North"
"51",1510022,"West Kern Water District",216.2163333,0,0,0,5,0,0,5,0,0,0,0,0,1,"22.5,0.0","0,0",624.4,68.68409689,734,113,-14.93,-39,43.203,0,2,0,5,"North"
"53",1510029,"Vaughn Water Company",217.0267,0,1,0,0,0,0,1,1,0,0,0,0,0,"22.5","0",287.51,276.0087177,367,353,-21.66,-22,92.5115,NA,NA,NA,NA,"North"
"54",1510031,"Bakersfield, City of",217.0267,0.212914089,1,0,2,0,0,3,0.878870632,0,0,0,0,0.121129368,"22.5","0",211.57,164.6662066,240,176,-11.85,-6,68.75,0,3,0,2,"North"
"57",1510049,"CA Water Service Co - Kern River Vly",214.3257,0.340042178,1,1,0,0,0,2,0.78280543,0.21719457,0,0,0,0,"0","0",109.29,99.67649016,145,129,-24.62,-23,19.211,NA,NA,NA,NA,"North"
"58",1610003,"Hanford, City of",217.0267,0,1,0,0,0,0,1,1,0,0,0,0,0,"22.25,26.5","0,0",181.96,124.3134047,278,136,-34.55,-9,46.875,NA,NA,NA,NA,"North"
"59",1610005,"Lemoore, City of",217.0267,0,0,0,0,0,0,0,0,0,0,0,0,0,"22.25","0",224.93,92.21925633,290,180,-22.44,-49,50.0565,NA,NA,NA,NA,"North"
"60",1810001,"Susanville, City of",191.9662,0.655108253,3,0,0,0,0,3,1,0,0,0,0,0,"0","0",255.07,191.9914666,333,232,-23.4,-17,44.864,NA,NA,NA,NA,"North"
"61",1910001,"Alhambra, City of",195.9725,0,0,0,0,0,0,0,0,0,0,0,0,0,"21.25","1",95.31,95.30740494,98,98,-2.75,-3,54.08,NA,NA,NA,NA,"South"
"62",1910003,"Arcadia, City of",194.8976,0.406597754,2,0,1,0,0,3,0.981896443,0,0,0,0,0.018103557,"21.25,20.75","1,1",209.16,161.0555665,232,176,-9.84,-8,80.37,0,2,0,1,"South"
"63",1910004,"Golden State Water Company - Artesia",193.8227,0.147979121,1,0,1,1,0,3,0.920363442,0,0,0.009976839,0,0.069659719,"24.75","1",93.06,67.56351941,97,72,-4.06,-6,72.4825,0,4,0,1,"South"
"64",1910007,"Azusa, City of",193.8227,0.359337881,1,1,0,0,0,2,0.765200037,0.234799963,0,0,0,0,"21.25","1",138.34,74.70351005,149,80,-7.15,-7,52.206,NA,NA,NA,NA,"South"
"65",1910011,"Golden State Water Company - Bell-Bell Gardens",195.9725,0.069634414,1,0,1,1,0,3,0.96399775,0,0,0.024376524,0,0.011438215,"24.75","1",71.37,53.24415366,74,54,-3.55,-1,36.6885,0,3,0,1,"South"
"66",1910013,"Bellflower-Somerset Mutual Water Company",193.8227,0,0,0,0,0,0,0,0,0,0,0,0,0,"24.75","1",90.05,77.44494614,95,82,-5.21,-6,54.522,NA,NA,NA,NA,"South"
"68",1910019,"Cerritos, City of",193.8227,0.313951942,1,0,1,1,0,3,0.81168265,0,0,0.163034002,0,0.025283348,"0.0,24.75","0,1",126.32,109.8967614,142,124,-11.04,-11,84.474,1,3,1,1,"South"
"69",1910024,"Golden State Water Company - Claremont",151.22935,0.52246128,2,0,1,0,0,3,0.546421846,0,0,0,0,0.453578154,"21.25,0.0","1,1",193.11,131.5076464,215,137,-10.18,-4,68.1105,0,3,0,1,"South"
"70",1910026,"Compton, City of",195.9725,0.413073853,1,0,1,0,0,2,0.708477993,0,0,0,0,0.291522007,"24.75","1",76.4,53.47762964,79,54,-3.3,-1,44.455,0,2,0,1,"South"
"71",1910027,"Los Angeles County Water District #40",91.0842,0,0,0,0,0,0,0,0,0,0,0,0,0,"15.75,21.5","1,0",165.95,127.7795805,202,156,-17.85,-18,35.0385,NA,NA,NA,NA,"South"
"72",1910028,"Crescenta Valley Water District",195.9725,0.47544247,1,0,1,0,0,2,0.610809588,0,0,0,0,0.389190412,"19.75","1",102.02,89.78161421,106,94,-3.75,-4,92.4505,0,3,0,1,"South"
"73",1910030,"Golden State Water Company - Culver City",196,0,0,0,1,0,0,1,0,0,0,0,0,1,"20.75,24.75,19.25","1,1,0",121.82,67.12076402,125,70,-2.55,-4,74.5455,0,3,0,1,"South"
"75",1910033,"CA Water Service Co - Dominguez District",195.98625,0.52980485,1,0,1,1,0,3,0.228843639,0,0,0.140135038,0,0.631021323,"20.75,24.75","1,1",196.41,77.18822806,215,69,-8.65,12,67.727,0,3,0,1,"South"
"76",1910034,"Downey, City of",194.8976,0.083714266,1,0,0,1,0,2,0.956226771,0,0,0.043773229,0,0,"24.75","1",109.95,82.13180613,117,87,-6.03,-6,61.6655,NA,NA,NA,NA,"South"
"77",1910036,"CA Water Service Co - East Los Angeles District",195.9725,0.498214998,1,0,1,0,0,2,0.470125241,0,0,0,0,0.529874759,"24.75","1",80.89,42.22314979,83,45,-2.55,-6,42.5,0,3,0,1,"South"
"78",1910038,"El Monte, City of",195.9725,0,1,0,0,0,0,1,1,0,0,0,0,0,"21.25","1",82.69,50.35808427,99,61,-16.47,-17,40.867,NA,NA,NA,NA,"South"
"79",1910041,"Three Valleys Municipal Water District",151.22935,0,0,0,1,0,0,1,0,0,0,0,0,1,"0.0,21.25,0.0","0,1,1",166.11,116.6895181,181,125,-8.23,-7,68.9685,2,2,7,1,"South"
"80",1910042,"Pico Rivera, City of",194.8976,0.010284535,1,0,0,1,0,2,0.995028833,0,0,0.005170014,0,0,"24.75,21.25","1,1",100.71,65.46442367,106,78,-4.99,-16,61.008,NA,NA,NA,NA,"South"
"81",1910043,"Glendale, City of",195.9725,0.565911079,2,0,1,1,0,4,0.349571429,0,0,0.059357143,0,0.591071429,"20.75,19.75","1,1",105.41,73.78430115,108,86,-2.4,-14,59.643,0,2,0,1,"South"
"82",1910044,"Glendora, City of",193.8227,0.11318861,1,1,1,0,0,3,0.939750811,0.000768049,0,0,0,0.059395801,"21.25","1",159.36,124.3009703,170,133,-6.26,-7,76.967,1,3,1,1,"South"
"83",1910047,"Hawthorne, City of",196,0.038927619,0,0,1,1,0,2,0,0,0,0.019858156,0,0.980141844,"20.75","1",81.52,64.40179497,81,67,0.64,-4,45.931,0,3,0,1,"South"
"84",1910049,"Huntington Park, City of",195.9725,0.413774905,1,0,1,1,0,3,0.714431725,0,0,0.010425184,0,0.275143091,"24.75","1",58.97,38.15378253,61,40,-3.33,-5,39.041,0,3,0,1,"South"
"85",1910052,"CA-American Water - Los Angeles",196,0.578240559,3,1,3,0,0,7,0.823700276,0.082315872,0,0,0,0.093983852,"20.75,24.75,19.25","1,1,0",148.99,116.21349,161,125,-7.46,-7,70.119,0,3,0,3,"South"
"86",1910062,"La Verne, City of",193.8227,0.449415425,1,0,1,0,0,2,0.340964508,0,0,0,0,0.659035492,"21.25","1",182.64,138.3289054,215,160,-15.05,-14,69.188,0,3,0,1,"South"
"87",1910063,"Lincoln Avenue Water Company",195.9725,0.338735024,1,0,1,0,0,2,0.216041397,0,0,0,0,0.783958603,"20.75","1",149.08,102.8684326,113,98,31.93,5,83.733,0,3,0,1,"South"
"88",1910065,"Long Beach Water Department",195.2650667,0.568160449,1,0,1,1,0,3,0.54619531,0,0,0.10332871,0,0.35047598,"0.0,20.75,24.75","0,1,1",98.73,72.07052638,100,69,-1.27,4,58.875,0,2,0,1,"South"
"89",1910067,"Los Angeles Department of Water and Power",197.184975,0.625112315,1,2,1,1,0,5,0.138587196,0.359581045,0,0.026789588,0,0.475042171,"20.75,24.75,19.25,0.0,21.25,20.75,19.75","1,1,0,0,1,1,1",108.18,73.5602691,113,77,-4.27,-4,51.646,0,2,0,1,"South"
"90",1910073,"Lomita, City of",196,0.46408742,1,0,1,0,0,2,0.365998917,0,0,0,0,0.634001083,"20.75","1",88.56,79.70681156,90,81,-1.6,-2,60.861,0,3,0,1,"South"
"91",1910077,"Golden State Water Company - Florence-Graham",195.9725,0.451198352,1,0,1,0,0,2,0.656207631,0,0,0,0,0.343792369,"24.75","1",64.13,50.59957617,65,53,-1.34,-5,33.625,0,3,0,1,"South"
"92",1910079,"Lynwood, City of",195.9725,0.085967196,1,0,1,0,0,2,0.954990551,0,0,0,0,0.045009449,"24.75","1",71.66,35.1785422,78,35,-8.13,1,44.022,0,3,0,1,"South"
"93",1910083,"Manhattan Beach, City of",196,0.521111279,1,0,1,1,0,3,0.371210778,0,0,0.046622939,0,0.582166283,"20.75","1",114.8,80.93154127,122,86,-5.9,-6,137.538,0,3,0,1,"South"
"95",1910090,"Monrovia, City of",194.8976,0,1,0,0,0,0,1,1,0,0,0,0,0,"21.25,20.75","1,1",147.93,125.7365961,162,107,-8.69,18,73.203,NA,NA,NA,NA,"South"
"96",1910091,"Montebello Land and Water Company",195.9725,0,1,0,0,0,0,1,1,0,0,0,0,0,"24.75","1",83.04,66.43495775,87,69,-4.55,-4,45.801,NA,NA,NA,NA,"South"
"97",1910096,"Newhall County Water District",200.7674,0,0,0,1,0,0,1,0,0,0,0,0,1,"22.75","0",160.62,135.9008352,190,126,-15.46,8,75.845,0,2,0,1,"South"
"99",1910102,"Palmdale Water District",144.0867,0.581573309,1,1,1,0,0,3,0.404040404,0.101010101,0,0,0,0.494949495,"21.5","0",130.44,104.3533297,161,129,-18.98,-19,47.7245,1,1,1,1,"South"
"100",1910104,"CA Water Service Co - Palos Verdes",196,0,0,0,1,0,0,1,0,0,0,0,0,1,"20.75","1",212.76,169.9979357,216,178,-1.5,-4,106.25,0,3,0,1,"South"
"101",1910105,"Paramount, City of",194.8976,0.518204124,1,0,1,1,0,3,0.593546561,0,0,0.050099066,0,0.356354373,"24.75","1",97.19,60.25795143,85,56,14.34,8,45.868,0,3,0,1,"South"
"102",1910124,"Pasadena, City of",195.9725,0.507721679,1,1,1,0,0,3,0.313468539,0.061882475,0,0,0,0.624648986,"21.25,20.75","1,1",146.47,101.7981909,158,106,-7.3,-4,81.2085,1,2,1,1,"South"
"103",1910125,"Pico Water District",194.8976,0,1,0,0,0,0,1,1,0,0,0,0,0,"24.75","1",97.69,87.9231684,104,94,-6.06,-6,58.889,NA,NA,NA,NA,"South"
"104",1910126,"Pomona, City of",151.22935,0.674913605,3,1,1,0,0,5,0.678030483,0.153696406,0,0.003466122,0,0.164806989,"21.25,0.0","1,1",109.98,80.28901799,122,86,-9.85,-7,55.333,0,3,0,1,"South"
"105",1910130,"Quartz Hill Water District",144.0867,0.456104252,1,0,1,0,0,2,0.351851852,0,0,0,0,0.648148148,"21.5","0",175.41,171.9004569,258,253,-32.01,-32,71.94,0,2,0,1,"South"
"106",1910134,"CA Water Service Co - Hermosa Redondo District",196,0.220406662,1,0,1,1,0,3,0.113774369,0,0,0.010706296,0,0.875519335,"20.75","1",100.33,69.63224396,103,78,-2.59,-11,91.705,0,3,0,1,"South"
"107",1910140,"Rubio Canyon Land & Water Assoc",195.9725,0.530423571,1,1,1,0,0,3,0.60243309,0.081265207,0,0,0,0.316301703,"20.75","1",158.28,144.0309777,177,162,-10.58,-11,101.6245,0,3,0,1,"South"
"108",1910142,"Golden State Water Company - San Dimas",193.8227,0.451376618,1,1,1,0,0,3,0.312866969,0.015936923,0,0,0,0.671112229,"21.25","1",155.31,107.9386766,177,115,-12.26,-6,78.9895,0,3,0,2,"South"
"109",1910143,"San Fernando, City of",195.9725,0,1,0,0,0,0,1,1,0,0,0,0,0,"19.75","1",104.31,87.62034879,113,95,-7.69,-8,54.94,NA,NA,NA,NA,"South"
"110",1910144,"San Gabriel County Water District",195.9725,0,1,0,0,0,0,1,1,0,0,0,0,0,"21.25","1",105.78,79.33177373,109,82,-2.96,-3,50.268,NA,NA,NA,NA,"South"
"111",1910146,"Santa Monica, City of",196,0.266503536,1,0,1,1,0,3,0.148827138,0,0,0.00779502,0,0.843377842,"19.25","0",113.39,74.83713496,116,76,-2.25,-2,81.667,0,2,0,1,"South"
"112",1910148,"Sierra Madre, City of",195.9725,0.150247934,1,1,0,0,0,2,0.918181818,0.081818182,0,0,0,0,"20.75","1",154.24,149.6168331,171,165,-9.8,-9,107.407,NA,NA,NA,NA,"South"
"113",1910152,"South Gate, City of",195.9725,0,1,0,0,0,0,1,1,0,0,0,0,0,"24.75","1",71.58,64.42093642,75,68,-4.56,-5,40.9855,NA,NA,NA,NA,"South"
"114",1910154,"South Pasadena, City of",195.9725,0.010497293,1,0,1,0,0,2,0.994723512,0,0,0,0,0.005276488,"21.25,20.75,19.75","1,1,1",118.31,97.21207526,125,94,-5.36,3,75.667,0,3,0,1,"South"
"115",1910155,"Golden State Water Company - Southwest",195.98625,0.596138321,2,0,1,0,0,3,0.571270829,0,0,0.007327846,0,0.421401325,"20.75,24.75","1,1",88.52,62.58394272,92,62,-3.78,1,47.531,0,3,0,1,"South"
"116",1910156,"Beverly Hills, City of",196,0.179975594,1,0,1,0,0,2,0.099984747,0,0,0,0,0.900015253,"24.75,19.25,0.0","1,0,0",217.81,163.3551892,217,147,0.37,11,93.3625,0,2,0,1,"South"
"117",1910157,"Sunny Slope Water Company",193.7665,0.288228554,2,0,0,0,0,2,1,0,0,0,0,0,"21.25,20.75,0.0,0.0","1,1,0,0",94.4,79.28058653,100,85,-5.6,-7,71.646,NA,NA,NA,NA,"North"
"118",1910166,"Valley Water Company",195.9725,0.386225673,1,0,1,0,0,2,0.261489699,0,0,0,0,0.738510301,"20.75","1",268.53,230.9324568,299,263,-10.19,-12,153.029,0,3,0,1,"South"
"119",1910167,"Vernon, City of",195.9725,0.279208151,1,0,1,0,0,2,0.841649809,0,0,0.082715217,0,0.075747359,"24.75","1",55341.77,42.05974762,67832,41,-18.41,3,35.344,0,3,0,1,"South"
"120",1910173,"Whittier, City of",193.8227,0.018356812,1,0,0,1,0,2,0.990735768,0,0,0.009264232,0,0,"24.75,21.25","1,1",127.62,91.88323394,129,93,-1.07,-1,64.793,NA,NA,NA,NA,"South"
"121",1910179,"Burbank, City of",195.9725,0.579409302,1,0,1,1,0,3,0.454637143,0,0,0.092146885,0,0.453215972,"19.75","1",126.59,92.96518411,135,97,-6.23,-4,72.256,0,2,0,1,"South"
"122",1910189,"San Gabriel Valley Municipal Water District",195.9725,0,0,0,1,0,0,1,0,0,0,0,0,1,"24.75,21.25","1,1",149.08,97.49839337,175,114,-14.81,-14,48.224,0,1,0,1,"South"
"123",1910191,"Norwalk, City of",193.8227,0,0,0,0,0,0,0,0,0,0,0,0,0,"24.75","1",96.47,91.64376847,101,96,-4.49,-5,61.25,NA,NA,NA,NA,"South"
"124",1910194,"Rowland Water District",193.8227,0.087393562,1,0,1,1,0,3,0.036219925,0,0,0.009206983,0,0.954573091,"0.0,21.25","0,1",148.4,75.68443968,153,78,-3.01,-3,63.203,0,3,0,1,"South"
"125",1910200,"Suburban Water Systems - San Jose Hills",193.8227,0.530586025,1,0,4,1,0,6,0.536108255,0,0,0.039067493,0,0.424824252,"","",118.06,82.9522343,130,92,-9.18,-10,92.898,0,4,0,4,"South"
"126",1910204,"Los Angeles County Water District #29",195.98625,0,0,0,1,0,0,1,0,0,0,0,0,1,"0.0,19.25","0,0",287.97,236.1314031,281,230,2.48,3,120.56,0,3,0,1,"South"
"127",1910213,"Torrance, City of",196,0.169205098,1,0,2,0,1,4,0.043904569,0,0.046881823,0,0,0.909213608,"20.75","1",136.47,73.6952866,132,75,3.39,-2,77.438,0,3,0,2,"South"
"128",1910223,"Golden State Water Company - South San Gabriel",195.9725,0.21972499,1,0,1,0,0,2,0.8746746,0,0,0,0,0.125697285,"24.75,21.25","1,1",77.63,62.49016491,81,62,-4.16,1,42.244,0,3,0,1,"South"
"129",1910225,"Las Virgenes Water District",195.9908333,0,0,0,1,0,0,1,0,0,0,0,0,1,"0.0,0.0,0.0,19.75","0,0,0,1",212.35,182.6206892,230,161,-7.67,13,116.848,0,2,0,1,"South"
"130",1910234,"Walnut Valley Water District",193.8227,0.160203453,1,0,1,1,0,3,0.024268934,0,0,0.061730573,0,0.914000494,"21.25","1",130.9,112.5738237,142,120,-7.82,-6,86.667,1,3,1,1,"South"
"131",1910239,"Lakewood, City of",193.8227,0.088643595,1,0,0,1,0,2,0.953517588,0,0,0.046482412,0,0,"24.75","1",99.45,83.53592569,104,74,-4.38,13,81.8855,NA,NA,NA,NA,"South"
"132",1910240,"Valencia Water Company",200.7674,0,0,0,1,0,0,1,0,0,0,0,0,1,"22.75","0",175.06,91.16965047,210,104,-16.64,-12,100.625,0,3,0,1,"South"
"133",1910245,"Santa Fe Springs, City of",194.8976,0.366304525,1,0,2,1,0,4,0.141326986,0,0,0.079291877,0,0.779381137,"24.75","1",258.71,69.85299454,276,75,-6.26,-7,66.709,0,3,0,2,"South"
"135",2010002,"Madera, City of",216.5049,0,1,0,0,0,0,1,1,0,0,0,0,0,"25","0",129.99,89.69335754,160,136,-18.76,-34,34.8,NA,NA,NA,NA,"North"
"136",2110002,"Marin Municipal Water District",75.0144,0.403494034,0,1,1,1,0,3,0,0.73058364,0,0.019684436,0,0.249731924,"0.0,0.0,0.0","0,0,0",108.64,81.48026568,122,91,-10.95,-10,103.005,0,1,0,1,"North"
"137",2110003,"North Marin Water District",72.91183333,0.436280488,0,1,1,1,0,3,0,0.293501282,0,0.015605841,0,0.690892877,"0.0,0.0,0.0,0.0","0,0,0,0",105.14,86.21885082,138,113,-23.81,-24,82.383,0,1,0,1,"North"
"139",2410005,"Los Banos, City of",216.5049,0,1,0,0,0,0,1,1,0,0,0,0,0,"22.25","0",159.88,103.9250548,213,128,-24.94,-19,42.167,NA,NA,NA,NA,"North"
"140",2410009,"Merced, City of",216.5049,0,1,0,0,0,0,1,1,0,0,0,0,0,"22.5","0",191.66,137.9956243,248,179,-22.72,-23,31.705,NA,NA,NA,NA,"North"
"141",2610001,"Mammoth Community Water District",164.2724,0.631812056,1,1,0,1,0,3,0.33993808,0.461919505,0,0.198142415,0,0,"","",87.65,52.59262472,117,70,-25.08,-25,60.518,NA,NA,NA,NA,"North"
"142",2701202,"CA-American Water - Monterey District",203.9213,0.52734096,2,2,0,0,1,5,0.261534858,0.730658131,0.007728941,0,0,0,"0","0",88.91,61.35062448,97,66,-8.34,-7,58.036,NA,NA,NA,NA,"North"
"143",2710009,"CA Water Service Co - King City",203.9213,0,1,0,0,0,0,1,1,0,0,0,0,0,"0","0",86.65,47.57236535,99,49,-12.47,-3,39.2615,NA,NA,NA,NA,"North"
"144",2710010,"CA Water Service Co - Salinas",179.72955,0,1,0,0,0,0,1,1,0,0,0,0,0,"0.0,0.0,0.0,0.0","0,0,0,0",108.79,58.96224811,125,68,-12.97,-13,56.806,NA,NA,NA,NA,"North"
"145",2710011,"Soledad, City of",203.9213,0,1,0,0,0,0,1,1,0,0,0,0,0,"0","0",107.7,82.93107031,118,91,-8.73,-9,49.166,NA,NA,NA,NA,"North"
"146",2710017,"Marina Coast Water District",170.2374,0,1,0,0,0,0,1,1,0,0,0,0,0,"0.0,0.0,0.0","0,1,0",89.01,70.65992069,92,51,-3.24,39,75.519,NA,NA,NA,NA,"North"
"147",2810003,"Napa, City of",119.06775,0.490152335,0,2,1,0,0,3,0,0.614341085,0,0,0,0.385658915,"0.0,0.0,0.0","0,0,0",118.98,77.33412718,143,93,-16.8,-17,74.338,1,1,1,1,"North"
"148",2810005,"American Canyon, City of",102.7762,0.046031193,0,0,3,1,0,4,0,0,0,0.023571198,0,0.976428802,"0","0",129.64,70.00737033,147,74,-11.81,-5,89.914,0,2,0,3,"North"
"149",2910003,"Truckee-Donner Public Utilities District",194.3171,0,1,0,0,0,0,1,1,0,0,0,0,0,"17","0",99.36,82.46808585,132,103,-24.73,-20,75.405,NA,NA,NA,NA,"North"
"150",3010001,"Anaheim, City of",166.1529,0.441634029,1,0,1,0,0,2,0.670830283,0,0,0,0,0.329169717,"0","0",137.63,79.96435492,147,85,-6.37,-6,60.884,0,2,0,1,"South"
"151",3010002,"Brea, City of",193.8227,0.020177276,1,0,2,0,0,3,0.010192525,0,0,0,0,0.989807475,"0","0",196.91,110.2681692,228,91,-13.64,21,91.146,0,3,0,2,"South"
"152",3010003,"Buena Park, City of",193.8227,0.512239117,1,1,1,0,0,3,0.58492037,0,0,0.035081858,0,0.379997773,"0.0,24.75","0,1",133.1,78.52920513,148,87,-10.07,-10,72.697,0,3,0,1,"South"
"153",3010004,"Mesa Consolidated Water District",152.318,0.309756616,1,0,1,1,0,3,0.819587629,0,0,0.056701031,0,0.12371134,"0","0",125.21,78.00867732,127,79,-1.41,-1,70.943,0,3,0,1,"South"
"154",3010010,"Fullerton, City of",193.8227,0.471203446,1,0,1,0,0,2,0.619992821,0,0,0,0,0.380007179,"0","0",160.5,105.9635241,172,109,-6.68,-3,67.886,0,2,0,1,"South"
"155",3010017,"Laguna Beach County Water District",158.28375,0,0,0,1,0,0,1,0,0,0,0,0,1,"","",143.23,93.00139305,150,92,-4.51,1,84.775,0,3,0,1,"South"
"156",3010018,"La Habra, City of",193.8227,0.358172847,1,0,2,0,0,3,0.233703968,0,0,0,0,0.766296032,"0.0,24.75","0,1",117.12,91.47194266,128,95,-8.5,-4,68.835,0,3,0,2,"South"
"158",3010023,"Newport Beach, City of",141.7345,0.497620566,1,0,1,1,0,3,0.603905077,0,0,0.02595374,0,0.370141184,"0","0",182.32,63.81353508,208,88,-12.34,-27,108.0205,0,3,0,1,"South"
"159",3010027,"Orange, City of",166.8786667,0.505591046,1,0,1,1,0,3,0.60224458,0,0,0.036696126,0,0.361059295,"0","0",202.4,182.1590245,177,106,14.35,72,81.518,0,3,0,1,"South"
"160",3010030,"San Juan Capistrano, City of",120.5675,0.420078206,1,0,1,1,0,3,0.225281602,0,0,0.048924792,0,0.725793606,"0","0",160.57,100.0366478,186,110,-13.67,-9,79.3995,0,3,0,1,"South"
"161",3010035,"Golden State Water Company - Placentia",151.22935,0.484226929,1,0,1,0,0,2,0.588806169,0,0,0,0,0.411193831,"0","0",114.79,84.25923705,125,90,-8.16,-6,76.1765,0,3,0,1,"South"
"162",3010036,"San Clemente, City of",120.5675,0.266862853,1,0,1,1,0,3,0.061446977,0,0,0.089197225,0,0.849355798,"0","0",131.05,102.3490661,150,96,-12.63,7,88.848,0,3,0,1,"South"
"163",3010037,"Yorba Linda Water District",151.22935,0.485618916,1,0,1,0,0,2,0.415202937,0,0,0,0,0.584797063,"0","0",180.73,133.742142,203,151,-10.97,-11,104.779,0,3,0,1,"South"
"164",3010038,"Santa Ana, City of",166.8786667,0.475607353,1,0,1,1,0,3,0.617393162,0,0,0.004188034,0,0.378418803,"0","0",91.17,61.08693006,95,64,-4.03,-5,55.147,0,2,0,1,"South"
"165",3010041,"Seal Beach, City of",194.91135,0.471220821,1,0,1,0,0,2,0.619956616,0,0,0,0,0.380043384,"0.0,20.75,24.75","0,1,1",116.16,57.03635155,126,62,-7.81,-8,87.3985,1,3,1,1,"South"
"166",3010042,"South Coast Water District",120.5675,0.344897247,1,0,1,1,0,3,0.090688027,0,0,0.113002432,0,0.796309541,"0","0",130.24,94.03268357,136,92,-4.24,2,96.014,0,3,0,1,"South"
"167",3010046,"Tustin, City of",152.318,0.270906267,1,0,1,0,0,2,0.838447731,0,0,0,0,0.161552269,"0","0",127.43,112.1361548,139,124,-8.33,-10,76.5375,0,4,0,1,"South"
"168",3010047,"Golden State Water Company - Cowan Heights",152.318,0.48782541,1,0,1,0,0,2,0.578021118,0,0,0,0,0.421978882,"0","0",264.13,256.4708805,282,275,-6.34,-7,149.3335,0,4,0,1,"South"
"169",3010053,"Huntington Beach, City of",152.318,0.471186316,1,0,1,0,0,2,0.620028505,0,0,0,0,0.379971495,"0","0",115.12,86.33632644,122,83,-5.64,4,87.143,0,3,0,1,"South"
"170",3010062,"Garden Grove, City of",166.1529,0.471200667,1,0,1,0,0,2,0.619998611,0,0,0,0,0.380001389,"0","0",111.56,65.82130892,117,69,-4.65,-5,58.2495,0,3,0,1,"South"
"171",3010064,"Westminster, City of",196,0.471315998,1,0,1,0,0,2,0.619758094,0,0,0,0,0.380241906,"0","0",102.58,73.75512259,111,83,-7.59,-11,57.949,0,3,0,1,"South"
"172",3010068,"East Orange County Water District",152.318,0.226699269,1,0,1,0,0,2,0.130337498,0,0,0,0,0.869662502,"0","0",197.08,193.5322695,215,209,-8.34,-7,120.625,1,3,2,1,"South"
"173",3010069,"Fountain Valley, City of",152.318,0.590132903,1,0,1,1,0,3,0.532359868,0,0,0.141309468,0,0.326330664,"0","0",119.8,86.25778244,141,73,-15.03,18,85.9375,0,2,0,1,"South"
"174",3010073,"Moulton Niguel Water District",158.28375,0.332222662,0,0,1,1,0,2,0,0,0,0.210364593,0,0.789635407,"0","0",126.25,87.11052903,139,104,-9.17,-16,95.813,0,3,0,1,"South"
"175",3010079,"El Toro Water District",158.28375,0.087196269,0,0,1,1,0,2,0,0,0,0.045685279,0,0.954314721,"0","0",139.14,94.50220036,173,107,-19.57,-12,95.048,0,3,0,1,"South"
"177",3010094,"Trabuco Canyon Water District",141.7345,0.499519961,1,1,1,1,0,4,0.090366581,0.028417164,0,0.213412901,0,0.667803353,"0","0",164.45,134.852561,179,91,-8.13,48,138.244,0,3,0,1,"South"
"178",3010100,"La Palma, City of",193.8227,0.471108499,1,0,1,0,0,2,0.620190476,0,0,0,0,0.379809524,"0.0,24.75","0,1",100.14,62.08510226,109,80,-8.13,-22,86.5,0,3,0,1,"South"
"179",3010101,"Santa Margarita Water District",120.5675,0.293676779,1,0,1,1,0,3,0.001902309,0,0,0.176387954,0,0.821709737,"0.0,0.0","0,0",135.69,113.8438176,152,97,-10.73,17,109.737,0,3,0,1,"South"
"180",3110001,"North Tahoe Public Utility District",190.8314,0.180957499,3,0,0,0,0,3,0,1,0,0,0,0,"0.0,0.0","0,0",123.47,106.6748844,155,132,-20.34,-19,70.972,NA,NA,NA,NA,"North"
"181",3110004,"Lincoln, City of",171.8005,0.187208748,1,0,1,0,0,2,0.104531131,0,0,0,0,0.895468869,"22.5","0",103,89.61123665,184,146,-44.02,-39,71.134,0,2,0,1,"North"
"182",3110008,"Roseville, City of",179.84045,0.069076331,0,0,3,1,0,4,0,0,0,0.035821334,0,0.964178666,"22.5","0",166.14,86.82348531,215,97,-22.73,-10,73.5825,0,3,0,3,"North"
"183",3110010,"Tahoe City Public Utility",192.57425,0.103315025,1,1,1,0,0,3,0.945698166,0.047954866,0,0,0,0.006346968,"0.0,0.0,17.0","0,0,0",95.52,45.56465284,126,93,-24.19,-51,68.182,0,1,0,1,"North"
"184",3110124,"Placer County Water Agency",173.95725,0.513821899,1,2,1,0,0,4,0.000690841,0.495638064,0,0,0,0.503671096,"","",208.52,154.3044887,272,169,-23.34,-9,49.6325,2,1,5,1,"North"
"185",3310002,"Beaumont-Cherry Valley Water District",53.92966667,0.445155817,1,0,1,0,0,2,0.66559617,0,0,0,0,0.33440383,"18.75,0.0","0,1",214,156.2176601,272,131,-21.32,19,55.817,0,2,0,1,"South"
"186",3310003,"Blythe, City of",-146.3971,0,0,0,0,0,0,0,0,0,0,0,0,0,"12.75,9.25","0,0",187.98,92.86396297,245,128,-23.27,-27,49.974,NA,NA,NA,NA,"South"
"187",3310005,"Desert Water Agnecy",26.5765,0.699134641,2,1,1,1,0,5,0.378688525,0.096721311,0,0.073770492,0,0.450819672,"0.0,0.0,19.25,12.25,18.75,15.75","0,0,0,0,0,0",232.13,156.777543,231,153,0.49,2,43.75,0,1,0,1,"South"
"188",3310007,"Coachella, City of",-13.9743,0,1,0,0,0,0,1,1,0,0,0,0,0,"19.25,12.25","0,0",264.34,192.437982,160,112,65.21,72,42.679,NA,NA,NA,NA,"South"
"189",3310008,"Mission Springs Water District",-13.9743,0,0,0,0,0,0,0,0,0,0,0,0,0,"19.25,12.25,18.75,15.75","0,0,0,0",176.45,114.6943882,204,133,-13.5,-14,35.574,NA,NA,NA,NA,"South"
"190",3310009,"Eastern Municipal Water District",61.9865,0.565600414,1,0,1,1,1,4,0.102133161,0,0.03749192,0.268261151,0,0.592113769,"0.0,0.0,0.0,0.0","1,0,1,1",125.92,99.47354894,163,124,-22.75,-20,55.579,2,2,4,1,"South"
"191",3310012,"Elsinore Valley Municipal Water District",95.62195,0.499264832,1,1,1,1,0,4,0.057348637,0.094361424,0,0.170428285,0,0.677861655,"0.0,0.0,0.0","1,0,1",127.97,97.25575558,148,111,-13.54,-12,70.862,0,2,0,1,"South"
"192",3310020,"Indio, City of",-13.9743,0,1,0,0,0,0,1,1,0,0,0,0,0,"19.25,12.25","0,0",183.85,132.368826,206,148,-10.75,-11,50.154,NA,NA,NA,NA,"South"
"193",3310021,"Jurupa Community Services District",108.636,0.503108138,2,1,1,0,0,4,0.604606932,0,0,0,0,0.395393068,"0.0,0.0","1,1",162.09,121.5668091,201,126,-19.36,-4,71.522,0,1,0,2,"South"
"194",3310022,"Lake Hemet Municipal Water District",67.1273,0.513615462,1,1,1,0,0,3,0.622035053,0.307363597,0,0,0,0.07060135,"0","1",131.3,102.0229744,157,91,-16.37,12,40.838,0,3,0,1,"South"
"195",3310031,"Riverside, City of",108.636,0.299443916,1,0,1,1,0,3,0.817283211,0,0,0.002163314,0,0.180553475,"0.0,0.0,0.0,0.0","0,1,1,1",175.12,150.6033594,208,125,-15.81,20,55.536,0,4,0,1,"South"
"196",3310032,"San Jacinto, City of",67.1273,0,1,0,0,0,0,1,1,0,0,0,0,0,"0","1",131.11,104.8844647,149,119,-12.01,-12,37.756,NA,NA,NA,NA,"South"
"197",3310038,"Rancho California Water District",91.28393333,0.583583776,1,1,2,1,0,5,0.299339298,0.033205744,0,0.106833752,0,0.560621206,"0","1",331.04,198.621957,222,193,49.12,3,81.243,0,4,0,2,"South"
"198",3310044,"Rubidoux Community Services District",108.636,0,1,0,0,0,0,1,1,0,0,0,0,0,"0","1",136.04,103.3940632,172,131,-20.9,-21,51.6405,1,0,1,0,"South"
"199",3310049,"Western Municipal Water District of Riverside",95.62195,0.176729658,2,0,3,1,0,6,0.048755419,0,0,0.006259142,0.039531421,0.905454018,"0.0,0.0,0.0,0.0,0.0,0.0,0.0","1,0,0,0,1,1,1",188.42,116.821219,244,141,-22.78,-17,62.649,1,3,3,2,"South"
"200",3410001,"Sacramento Suburban Water District",187.8804,0.49347397,1,0,3,0,0,4,0.442877192,0,0,0,0,0.557122808,"22.5","0",145.21,109.141012,181,136,-19.77,-20,46.985,1,2,2,3,"North"
"201",3410002,"Sacramento County Water Agency",179.84045,0.378518396,1,0,1,1,0,3,0.754786451,0,0,0.018409426,0,0.226804124,"22.5","0",158.06,91.6760762,173,122,-8.63,-25,69.597,1,1,2,1,"North"
"202",3410004,"Carmichael Water District",187.8804,0.319982345,1,1,0,0,0,2,0.199985288,0.800014712,0,0,0,0,"22.25,22.5","0,0",166.23,144.8393932,222,137,-25.12,6,58.8955,NA,NA,NA,NA,"North"
"203",3410006,"Citrus Heights Water District",187.8804,0.201599909,1,0,1,0,0,2,0.113735783,0,0,0,0,0.886264217,"22.5","0",131.54,124.9618033,172,163,-23.52,-23,60.156,0,3,0,1,"North"
"204",3410008,"Elk Grove Water District",181.67015,0.492000381,1,0,1,0,0,2,0.563244048,0,0,0,0,0.436755952,"22.25","0",107.25,91.16616244,133,105,-19.36,-13,89.4655,0,2,0,1,"North"
"205",3410009,"Fair Oaks Water District",187.8804,0.18189549,1,0,1,0,0,2,0.101186441,0,0,0,0,0.898813559,"22.5","0",200.35,150.2601198,268,201,-25.24,-25,73.194,0,3,0,1,"North"
"206",3410011,"Galt, City of",191.5398,0,1,0,0,0,0,1,1,0,0,0,0,0,"15","0",152.96,122.3711957,211,168,-27.51,-27,61.8,NA,NA,NA,NA,"North"
"207",3410014,"Folsom, City of",177.44974,0.154317197,1,0,4,0,0,5,0.084258011,0,0,0,0,0.915741989,"22.25,22.5","0,0",237.24,142.3431972,294,176,-19.31,-19,100.3805,0,3,0,4,"North"
"208",3410015,"Golden State Water Company - Cordova",179.84045,0.481425292,1,1,0,0,0,2,0.403604588,0.596334729,0,0,0,0,"22.25,22.5","0,0",236.49,144.4928739,283,166,-16.44,-13,56.136,NA,NA,NA,NA,"North"
"209",3410016,"Orange Vale Water Company",187.8804,0,0,0,1,0,0,1,0,0,0,0,0,1,"22.5","0",160.45,98.51345745,284,238,-43.51,-59,61.875,0,3,0,1,"North"
"210",3410018,"Rio Linda - Elverta Community Water District",179.84045,0.001468428,1,0,1,0,0,2,1,0,0,0,0,0.000735294,"22.5","0",171.15,147.6982985,244,216,-29.86,-32,51.5455,0,3,0,1,"North"
"211",3410020,"Sacramento, City of",179.84045,0.271249773,1,1,0,0,0,2,0.16174901,0.837898154,0,0,0,0,"15.5,22.25,22.25,22.5","0,0,0,0",140.32,98.22723627,197,118,-28.77,-17,46.547,2,0,3,0,"North"
"212",3410021,"San Juan Water District",178.42135,0.453741988,0,1,3,0,0,4,0,0.347917765,0,0,0,0.652082235,"22.5","0",258.09,227.1201929,352,334,-26.68,-32,66.829,1,2,5,2,"North"
"213",3410023,"Fruitridge Vista Water Co",171.8005,0.4448935,1,0,1,0,0,2,0.665930425,0,0,0,0,0.333977545,"22.25","0",118.76,117.5750901,131,129,-9.34,-9,31.921,0,1,0,1,"North"
"214",3510001,"Hollister Urban Area",191.5605,0.693435485,3,0,1,1,0,5,0.705214249,0,0,0.034933746,0,0.259852005,"0.0,0.0,0.0","0,0,0",114.97,86.11509894,134,94,-14.2,-8,62.566,0,1,0,1,"North"
"216",3610001,"Adelanto, City of",38.0817,0,1,0,0,0,0,1,1,0,0,0,0,0,"21.75","1",114.21,83.94141336,159,115,-28.17,-27,21.25,NA,NA,NA,NA,"South"
"217",3610003,"Apple Valley Ranchos Water Company",-1.2029,0,1,0,0,0,0,1,1,0,0,0,0,0,"21.75","1",136.64,90.7265052,174,109,-21.47,-17,47.083,NA,NA,NA,NA,"South"
"218",3610004,"West Valley Water District",108.636,0.737285315,4,0,1,0,0,5,0.720111955,0,0,0,0,0.279888045,"0.0,0.0,0.0,0.0","1,1,1,1",207.19,145.0364875,253,170,-18.1,-15,53.854,0,2,0,1,"South"
"219",3610008,"Big Bear Community Services District",34.07425,0,1,0,0,0,0,1,1,0,0,0,0,0,"0","1",67.61,64.22655589,83,75,-18.55,-14,48.125,NA,NA,NA,NA,"South"
"220",3610012,"Chino, City of",108.636,0.665745393,1,0,2,1,0,4,0.317097077,0,0,0.357666411,0,0.325236512,"0","1",141.97,112.1536922,174,99,-18.41,13,70,0,3,0,2,"South"
"221",3610013,"Loma Linda, City of",108.636,0.014898372,1,1,0,0,0,2,0.992494481,0.007505519,0,0,0,0,"0.0,0.0,0.0,0.0","1,1,1,1",176.76,128.5066024,213,152,-17.01,-15,57.28,NA,NA,NA,NA,"South"
"222",3610014,"Colton, City of",108.636,0,0,0,1,0,0,1,0,0,0,0,0,1,"0.0,0.0,0.0,0.0","1,1,1,1",169.16,89.99351019,200,112,-15.42,-20,42.344,0,2,0,1,"South"
"223",3610015,"Crestline Village Water District",38.0817,0.425448485,1,0,1,0,0,2,0.693069307,0,0,0,0,0.306930693,"","",72.62,50.70409794,78,52,-6.9,-2,45.1385,0,2,0,1,"South"
"224",3610018,"Cucamonga Valley Water District",108.636,0.594155994,1,1,1,1,0,4,0.405018473,0.067631363,0,0.042111385,0,0.485238779,"0.0,0.0","1,1",182.96,138.137691,214,135,-14.5,2,77.969,0,3,0,1,"South"
"226",3610024,"Hesperia, City of Water District",38.0817,0,1,0,0,0,0,1,1,0,0,0,0,0,"21.75","1",121.68,99.7801711,165,94,-26.25,6,47.874,NA,NA,NA,NA,"South"
"227",3610025,"Joshua Basin Water District",-40.4875,0.465798817,1,1,0,0,0,2,0.630769231,0.369230769,0,0,0,0,"15.25,0.0,0.0,8.75,0.0,0.0","1,0,0,0,0,0",128.43,82.98901032,157,141,-18.19,-41,44.375,NA,NA,NA,NA,"South"
"228",3610029,"Monte Vista Water District",108.636,0.397032371,1,0,3,1,0,5,0.739695193,0,0,0.025416178,0,0.234888628,"21.25,0.0","1,1",132.96,89.08443901,149,96,-10.76,-7,52.522,1,5,1,3,"South"
"229",3610034,"Ontario, City of",108.636,0.531101156,1,0,2,1,0,4,0.568594996,0,0,0.053616975,0,0.377788028,"0","1",158.07,86.93675896,181,98,-12.67,-11,54.583,0,4,0,2,"South"
"230",3610036,"Chino Hills, City of",151.22935,0.29608241,1,0,3,1,0,5,0.082562521,0,0,0.087073199,0,0.830421377,"0.0,21.25,0.0","0,1,1",153.06,110.6628324,169,127,-9.43,-13,106.581,0,6,0,3,"South"
"231",3610037,"Redlands, City of",108.636,0.568655174,1,1,1,1,0,4,0.484989993,0.437180342,0,0.070332603,0,0.007497062,"0.0,0.0,0.0","1,1,1",263.01,181.4792507,305,211,-13.77,-14,63.594,0,2,0,1,"South"
"232",3610038,"Rialto, City of",108.636,0.550125938,1,1,1,0,0,3,0.555279085,0.076328178,0,0,0,0.368392737,"0.0,0.0,0.0,0.0","1,1,1,1",144.91,102.8872012,173,121,-16.24,-15,48.765,0,2,0,1,"South"
"233",3610043,"Golden State Water Company - Barstow",38.0817,0,1,0,0,0,0,1,1,0,0,0,0,0,"11.25,15.25","1,1",150.3,97.39119186,194,112,-22.53,-13,45.817,NA,NA,NA,NA,"South"
"234",3610045,"Big Bear Lake, City of",38.0817,0.046917077,1,0,1,0,0,2,0.975963719,0,0,0,0,0.024036281,"","",72.7,57.85788945,84,60,-13.45,-4,56.345,0,2,0,1,"South"
"235",3610049,"Twentynine Palms Water District",-40.4875,0,1,0,0,0,0,1,1,0,0,0,0,0,"0.0,8.75,0.0","0,0,0",113.82,96.74731087,144,123,-20.96,-21,38.821,NA,NA,NA,NA,"South"
"236",3610050,"Upland, City of",108.636,0.364106544,1,0,3,0,0,4,0.239334068,0,0,0,0,0.760665932,"21.25,0.0,0.0","1,1,1",195.99,135.2306512,234,166,-16.25,-19,71.8495,2,4,1,3,"South"
"237",3610052,"Victorville Water District",38.0817,0.017517392,1,0,0,1,0,2,0.991163215,0,0,0.008836785,0,0,"21.75","1",137,116.4533825,173,147,-20.81,-21,40.5745,NA,NA,NA,NA,"South"
"238",3610055,"Yucaipa Valley Water District",108.636,0.574618293,1,1,2,1,0,5,0.542878393,0.027445147,0,0.077724061,0,0.351952399,"0.0,0.0","1,1",193.13,168.0194451,258,227,-25.15,-26,60.226,0,2,0,2,"South"
"239",3610057,"Riverside Highland Water Company",108.636,0,1,0,0,0,0,1,1,0,0,0,0,0,"0.0,0.0,0.0","1,1,1",167.66,100.5969484,225,189,-25.48,-47,71.532,NA,NA,NA,NA,"South"
"240",3610064,"East Valley Water District",108.636,0.248344186,1,1,0,0,0,2,0.854722296,0.145277704,0,0,0,0,"0","1",150.06,117.0446187,167,129,-10.15,-9,49.3,NA,NA,NA,NA,"South"
"241",3610073,"Hi-Desert WD",-27.2309,0.44739138,3,0,1,1,0,5,0.841153035,0,0,0.038434497,0,0.120412468,"15.25,0.0,0.0","1,0,0",106.16,74.54245201,129,78,-17.71,-4,44.375,0,2,0,1,"South"
"242",3610120,"Phelan Pinon Hills Community Services District",91.0842,0,1,0,0,0,0,1,1,0,0,0,0,0,"0.0,21.75,15.75,21.5","1,1,1,0",95.81,75.68833135,130,124,-26.3,-39,49.651,NA,NA,NA,NA,"South"
"243",3610121,"San Bernardino County Service Area 64",38.0817,0,1,0,0,0,0,1,1,0,0,0,0,0,"21.75","1",160.76,109.4759059,201,143,-20.02,-23,55.4,NA,NA,NA,NA,"South"
"244",3710001,"CA-American Water - San Diego",94.65275,0,0,0,1,0,0,1,0,0,0,0,0,1,"0.0,0.0","0,0",84.3,62.37982761,94,68,-10.32,-8,58.66,0,4,0,1,"South"
"245",3710002,"Vallecitos Water District",92.7825,0,0,0,1,0,0,1,0,0,0,0,0,1,"0","0",125.37,79.61082564,129,87,-2.81,-8,61.7535,0,3,0,1,"South"
"246",3710005,"Carlsbad Municipal Water District",92.7825,0,0,0,1,0,0,1,0,0,0,0,0,1,"0","0",150.8,98.01827142,167,108,-9.7,-9,82.252,0,3,0,1,"South"
"247",3710006,"Escondido, City of",97.27765,0.337532007,0,1,1,1,0,3,0,0.060511848,0,0.139981043,0,0.799507109,"19.0,0.0","0,0",126.47,73.09902881,144,80,-12.17,-9,52.426,0,3,0,1,"South"
"248",3710008,"Fallbrook PUD",99.83566667,0.079228947,0,1,1,1,0,3,0,0.00163372,0,0.03961771,0,0.95874857,"","",261.24,224.6662887,166,147,57.37,53,55.6485,0,3,0,1,"South"
"249",3710010,"Helix Water District",101.7728,0.158339396,1,1,1,0,0,3,0.003884255,0.082412454,0,0,0,0.913703291,"0.0,15.75","0,0",92.42,73.9380619,100,80,-7.58,-8,56.349,0,3,0,1,"South"
"250",3710013,"Lakeside Water District",101.7728,0.280156096,1,0,1,0,0,2,0.168455203,0,0,0,0,0.831544797,"15.75","0",82.7,74.42876924,94,84,-12.02,-11,68.939,0,3,0,1,"South"
"251",3710014,"Oceanside, City of",92.7825,0.289121194,1,0,1,1,0,3,0.169070209,0,0,0.004933586,0,0.825996205,"0.0,0.0","1,0",122.72,79.76977676,129,84,-4.87,-5,59.135,0,3,0,1,"South"
"252",3710015,"Poway, City of",101.7728,0,0,0,2,0,0,2,0,0,0,0,0,1,"0","0",163.02,119.0061312,196,143,-16.83,-17,102.031,0,4,0,2,"South"
"253",3710016,"Rainbow Municipal Water District",89.46975,0,0,0,1,0,0,1,0,0,0,0,0,1,"0.0,0.0","0,1",812.14,140.4997408,259,186,213.57,-24,69.935,0,3,0,1,"South"
"254",3710019,"Ramona Municipal Water District",101.7728,0.196900597,0,0,1,1,0,2,0,0,0,0.11070615,0,0.88929385,"0","0",101.91,101.9054487,126,126,-19.12,-19,92.672,0,3,0,1,"South"
"255",3710020,"San Diego, City of",94.65275,0.313646594,1,1,1,1,0,4,0.00224712,0.130332978,0,0.050856827,0,0.816563074,"0.0,0.0,0.0,0.0,15.75,0.0,0.0,19.0","0,0,0,0,0,0,0,0",111.71,60.21079607,116,63,-3.7,-4,65.1475,1,3,2,1,"South"
"256",3710021,"San Dieguito Water District",92.7825,0.468815637,0,1,1,1,0,3,0,0.681626271,0,0.07005473,0,0.248318999,"0","0",134.94,102.8219964,145,116,-6.94,-11,84.286,0,3,0,1,"South"
"257",3710023,"Santa Fe Irrigation District",97.27765,0.53911118,0,1,1,1,0,3,0,0.479516454,0,0.041722633,0,0.478760913,"0.0,0.0","0,0",386.35,324.5316599,442,372,-12.59,-13,110.216,0,3,0,1,"South"
"258",3710025,"Sweetwater Authority",101.7728,0.44281682,1,1,1,0,0,3,0.257321472,0.043327723,0,0,0,0.699350805,"0.0,0.0","0,0",82.2,59.54591515,87,62,-5.52,-4,48.0095,0,3,0,1,"South"
"259",3710026,"Valley Center Municipal Water District",97.27765,0.002976385,0,0,1,1,0,2,0,0,0,0.001490414,0,0.998509586,"0","0",740.9,159.293893,254,191,191.69,-17,73.482,0,3,0,1,"South"
"260",3710027,"Vista Irrigation District",92.7825,0.32322947,0,1,1,0,0,2,0,0.202703405,0,0,0,0.797296595,"0","0",113.67,77.29315118,126,84,-9.79,-8,51.625,0,3,0,1,"South"
"261",3710029,"Olivenhain, City of",97.27765,0.20824992,0,0,1,1,0,2,0,0,0,0.118064089,0,0.881935911,"0.0,0.0,0.0","0,0,0",178.64,139.3415106,191,129,-6.47,8,107.961,0,3,0,1,"South"
"262",3710034,"Otay Water District",94.65275,0.214505459,0,0,1,1,0,2,0,0,0,0.122180902,0,0.877819098,"0","0",108.58,72.74677332,119,70,-8.76,4,83.2115,0,3,0,1,"South"
"264",3710044,"Rincon del Diablo Municipal Water District",101.7728,0.455636034,0,0,1,1,0,2,0,0,0,0.35106383,0,0.64893617,"19","0",150.3,103.7038617,180,126,-16.5,-18,108.843,0,3,0,1,"South"
"265",3810011,"San Francisco Public Utilities Commission",133.3376333,0.016329482,1,1,0,0,0,2,0.008232515,0.991767485,0,0,0,0,"0.0,0.0,0.0,0.0,0.0,0.0,0.0","0,0,0,0,0,0,0",77.14,45.04992553,77,42,0.18,7,83.4665,2,0,25,0,"North"
"266",3910001,"CA Water Sercice Co - Stockton",192.3117,0.298793939,1,0,1,0,0,2,0.182820193,0,0,0,0,0.817179807,"19.0,25.5","0,0",115.46,60.61611929,139,79,-16.94,-23,36.8635,0,2,0,1,"North"
"267",3910004,"Lodi, City of",191.5398,0.435947155,1,0,0,1,0,2,0.678959276,0,0,0.321040724,0,0,"25.5,15.0","0,0",167.45,108.3410631,216,140,-22.48,-23,53.319,NA,NA,NA,NA,"North"
"269",3910011,"Tracy, City of",185.8023,0.058027237,1,0,2,0,0,3,0.029908114,0,0,0,0,0.970091886,"19","0",142.56,112.6205287,177,127,-19.46,-11,67.865,0,1,0,2,"North"
"270",3910012,"Stockton, City of",192.3117,0.26235985,1,0,1,0,0,2,0.155297121,0,0,0,0,0.844702879,"19.0,25.5","0,0",124.88,88.66182424,155,110,-19.43,-19,52.069,0,2,0,1,"North"
"271",4010001,"Arroyo Grande, City of",185.2398,0.512691834,2,2,0,0,0,4,0.369891906,0.630108094,0,0,0,0,"24","1",117.03,93.62214346,130,104,-9.98,-10,61.677,NA,NA,NA,NA,"North"
"272",4010004,"Grover Beach, City of",185.2398,0.564986515,2,1,0,0,0,3,0.637516991,0.362483009,0,0,0,0,"24","1",84.96,69.66928002,89,73,-4.54,-5,49.4745,NA,NA,NA,NA,"North"
"273",4010007,"Paso Robles, City of",210.7427,0.465984292,1,0,0,0,0,1,1,0,0,0,0,0,"0","0",151.09,102.5882752,189,119,-20.06,-14,60.221,NA,NA,NA,NA,"North"
"274",4010008,"Pismo Beach, City of",185.2398,0.371806374,1,0,2,0,0,3,0.246826516,0,0,0,0,0.753173484,"24","1",198.07,91.11012607,216,100,-8.3,-9,78.274,0,1,0,2,"North"
"275",4010009,"San Luis Obispo, City of",202.2417333,0.456313389,0,1,1,1,0,3,0,0.662782924,0,0.014420781,0,0.322796295,"24.0,0.0,0.0","1,0,0",92.28,55.36613939,101,61,-8.64,-9,65.491,0,1,0,1,"North"
"276",4010011,"Morro Bay, City of",185.2398,0.466855637,1,0,1,0,1,3,0.10166799,0,0.204924543,0,0,0.693407466,"0.0,0.0,0.0","0,0,0",94.86,63.55933841,105,66,-9.65,-4,61.8685,0,1,0,1,"North"
"277",4010014,"Cambria Community Services District",185.2398,0,1,0,0,0,0,1,1,0,0,0,0,0,"0","0",69,40.70713242,73,37,-5.49,10,61.302,NA,NA,NA,NA,"North"
"278",4010026,"Nipomo Community Services District",199.99795,0,1,0,0,0,0,1,1,0,0,0,0,0,"24","1",139.09,115.4479048,159,134,-12.52,-14,59.242,NA,NA,NA,NA,"North"
"279",4110001,"Mid-Peninsula Water District",159.4417,0,0,0,1,0,0,1,0,0,0,0,0,1,"0","0",86.78,73.76357617,97,82,-10.54,-10,109.196,0,1,0,1,"North"
"280",4110003,"Burlingame, City of",159.4417,0,0,0,0,0,0,0,0,0,0,0,0,0,"0.0,0.0","0,0",105.79,65.27502062,114,62,-7.2,5,117.982,NA,NA,NA,NA,"North"
"281",4110006,"CA Water Service Co - Bear Gulch",153.26285,0.153852935,0,1,1,0,0,2,0,0.083985434,0,0,0,0.916092043,"20.25,0.0","0,0",147.2,123.2057895,189,165,-22.12,-25,148.214,0,1,0,1,"North"
"282",4110008,"CA Water Service Co - Mid Peninsula District",159.4417,0,0,0,1,0,0,1,0,0,0,0,0,1,"0","0",84.58,60.30687348,93,67,-9.05,-10,98.7,0,1,0,1,"North"
"283",4110009,"CA Water Service Co - South San Francisco",148.61835,0.101090338,1,0,1,0,0,2,0.053396338,0,0,0,0,0.946603662,"0.0,0.0","0,0",103.02,43.47336458,106,43,-2.81,1,72.6685,0,1,0,1,"North"
"284",4110011,"Coastside Co Water District",137.795,0.185711153,1,2,1,0,0,4,0.008388521,0.09183223,0,0,0,0.899779249,"0","0",101.48,76.10678817,114,69,-10.99,10,110.607,0,1,0,1,"North"
"285",4110013,"Daly City, City of",148.61835,0.444182596,1,0,1,1,0,3,0.222038217,0,0,0.069681529,0,0.708280255,"0.0,0.0,0.0","0,0,0",56.14,52.77061642,53,50,5.92,6,81.0325,0,1,0,1,"North"
"286",4110016,"Hillsborough, Town of",159.4417,0,0,0,1,0,0,1,0,0,0,0,0,1,"0.0,0.0","0,0",205.3,180.6603485,290,255,-29.21,-29,169.4795,0,1,0,1,"North"
"288",4110018,"Millbrae, City of",159.4417,0.011796675,0,0,1,1,0,2,0,0,0,0.005933544,0,0.994066456,"0","0",86.72,62.44082942,89,64,-2.56,-2,96.895,0,1,0,1,"North"
"289",4110021,"Estero Municipal-Foster City",159.4417,0,0,0,1,0,0,1,0,0,0,0,0,1,"0","0",100.93,67.62224937,132,75,-23.54,-10,115.341,0,1,0,1,"North"
"290",4110022,"Redwood City, City of",153.26285,0,1,0,0,0,0,1,1,0,0,0,0,0,"0","0",83.31,63.5675088,89,62,-6.39,3,97.321,0,1,0,1,"North"
"291",4110023,"San Bruno, City of",148.61835,0.484143366,1,0,2,0,0,3,0.588897041,0,0,0,0,0.410858401,"0","0",60.54,47.22268651,57,41,6.21,15,90.5035,0,2,0,2,"North"
"292",4110024,"East Palo Alto, City of",153.26285,0.016447829,1,0,1,0,0,2,0.008292683,0,0,0,0,0.991707317,"20.25,0.0","0,0",47.68,42.91269129,50,45,-4.64,-5,60.574,0,1,0,1,"North"
"293",4110025,"North Coast County Water District",137.795,0,0,0,1,0,0,1,0,0,0,0,0,1,"0","0",56.09,46.55432089,67,48,-16.28,-3,103.0955,1,1,1,1,"North"
"294",4110027,"Westborough Water District",148.61835,0,0,0,1,0,0,1,0,0,0,0,0,1,"0","0",52.01,48.97892713,61,52,-14.74,-6,91.652,0,1,0,1,"North"
"295",4210001,"Carpenteria Valley Water District",212.0535,0.396108744,1,0,2,0,0,3,0.272084165,0,0,0,0,0.727915835,"0.0,0.0","0,0",253.29,80.54661519,109,78,132.38,3,68.194,0,1,0,2,"South"
"296",4210004,"Goleta Water District",212.0535,0.352016681,1,0,2,1,0,4,0.141378895,0,0,0.069185417,0,0.789435688,"0.0,0.0,18.75","0,0,1",118.17,48.45047438,116,51,1.87,-5,87.266,0,1,0,2,"South"
"297",4210006,"Lompoc, City of",212.8082,0.006649778,1,1,0,1,0,3,0.996666667,0.002,0,0.001333333,0,0,"17.25","0",89.2,71.36102805,87,59,2.53,21,53.5525,NA,NA,NA,NA,"North"
"298",4210010,"Santa Barbara, City of",212.0535,0.570089769,1,2,2,1,0,6,0.073979916,0.26395068,0,0.044235414,0,0.61783399,"0.0,0.0,0.0","0,0,0",96.46,78.13650968,94,66,2.62,18,75.1715,0,2,0,2,"South"
"299",4210011,"Santa Maria, City of",214.7561,0.590884077,2,0,1,0,0,3,0.728051435,0,0,0,0,0.271948565,"24","1",105.11,70.42508841,120,83,-12.41,-15,55.7245,0,2,0,1,"North"
"300",4210016,"Golden State Water Company - Orcutt",214.7561,0.024891188,1,0,1,0,0,2,0.987395534,0,0,0,0,0.012604466,"24","1",156.55,133.0644802,175,145,-10.54,-8,75.909,0,2,0,1,"North"
"301",4310001,"Ca Water Service Co - Los Altos Suburban District",147.084,0.413099028,1,0,1,0,0,2,0.291552198,0,0,0,0,0.708447802,"20.25","0",132.78,98.12559337,156,119,-14.88,-18,140.089,0,2,0,1,"North"
"302",4310004,"Gilroy, City of",191.5605,0.499765795,1,0,0,1,0,2,0.510821382,0,0,0.489178618,0,0,"0","0",115.5,75.0762486,137,89,-15.69,-16,74.6095,NA,NA,NA,NA,"North"
"303",4310005,"Milpitas, City of",147.084,0.104201428,0,0,2,1,0,3,0,0,0,0.055141274,0,0.944858726,"20.25","0",109.22,51.33456142,119,53,-8.22,-3,97.3605,0,2,0,2,"North"
"304",4310006,"Morgan Hill, City of",169.32225,0.236671225,2,0,0,0,0,2,1,0,0,0,0,0,"0.0,20.25","0,0",117.93,63.6816487,154,90,-23.42,-29,97.124,NA,NA,NA,NA,"North"
"305",4310007,"Mountain View, City of",147.084,0.143705033,1,0,2,1,0,4,0.041945717,0,0,0.034279168,0,0.923775115,"20.25","0",99.36,81.71563945,194,140,-48.78,-42,108.75,0,2,0,2,"North"
"306",4310009,"Palo Alto, City of",142.4395,0.115234432,0,0,1,1,0,2,0,0,0,0.061385381,0,0.938614619,"20.25,0.0","0,0",132.22,75.36801663,172,81,-23.13,-7,143.493,0,1,0,1,"North"
"307",4310011,"San Jose Water Company",138.58065,0.600984116,1,1,1,1,0,4,0.384072565,0.120000601,0,0.009078202,0,0.486848632,"20.25","0",122.1,75.70039469,108,75,13.05,1,88.157,0,2,0,1,"North"
"308",4310012,"Santa Clara, City of",147.084,0.540134907,1,0,2,1,0,4,0.602222797,0,0,0.103773585,0,0.294046696,"20.25","0",130.91,64.93182365,137,68,-4.44,-5,93.75,0,2,0,2,"North"
"309",4310014,"Sunnyvale, City of",147.084,0.261330597,1,0,2,1,0,4,0.075890985,0,0,0.070952714,0,0.853156301,"20.25","0",93.04,63.8890033,102,65,-8.79,-2,105.2185,0,2,0,2,"North"
"310",4310020,"San Jose, City of",147.084,0.303868624,1,0,2,1,0,4,0.029967251,0,0,0.149791396,0,0.820241353,"20.25","0",95.33,66.72945897,140,80,-31.91,-17,99.583,0,2,0,2,"North"
"311",4310022,"Great Oaks Water Company",147.084,0,1,0,0,0,0,1,1,0,0,0,0,0,"20.25","0",80.62,62.88506811,93,73,-13.31,-14,98.684,NA,NA,NA,NA,"North"
"313",4410010,"Santa Cruz, City of",130.0773,0.673700731,1,3,0,0,0,4,0.041186681,0.95889222,0,0,0,0,"0.0,20.75,0.0,0.0,0.0,14.25","0,0,0,0,0,0",71.99,42.25620104,77,43,-6.51,-2,67.9945,1,0,1,0,"North"
"314",4410011,"Watsonville, City of",160.8189,0.275235403,1,1,0,1,0,3,0.843848889,0.093760988,0,0.062390124,0,0,"0.0,14.25","0,0",93.18,63.6408907,89,77,4.69,-17,51.5455,NA,NA,NA,NA,"North"
"315",4410013,"Scotts Valley Water District",130.0773,0.178192545,1,0,0,1,0,2,0.901128069,0,0,0.098871931,0,0,"0.0,14.25","0,0",94.2,65.93670555,104,73,-9.43,-10,109.712,NA,NA,NA,NA,"North"
"316",4410017,"Soquel Creek Water District",130.0773,0.001956945,1,0,1,0,0,2,0.999020568,0,0,0,0,0.000979432,"0.0,0.0,14.25","0,0,0",71.36,54.52002141,77,57,-7.32,-4,75.833,0,1,0,1,"North"
"317",4510005,"Redding, City of",98.7672,0.587771331,1,2,0,0,0,3,0.288504391,0.711495609,0,0,0,0,"0.0,0.0","0,0",208.19,143.652608,281,197,-25.91,-27,46.184,NA,NA,NA,NA,"North"
"318",4510006,"Shasta Lake, City of",89.24033333,0.176355823,0,0,2,0,0,2,0,0,0,0.097728837,0,0.902271163,"","",146.84,108.6612182,194,149,-24.31,-27,46.25,0,1,0,2,"North"
"319",4710011,"Yreka, City of",36.8692,0.656096772,0,6,0,0,0,6,0,1,0,0,0,0,"0","0",223.31,89.32345541,355,160,-37.1,-44,39.279,NA,NA,NA,NA,"North"
"320",4810001,"Benecia, City of",135.3593,0.474833013,0,2,3,0,0,5,0,0.364540182,0,0,0,0.635459818,"0","0",133.16,71.90877499,160,86,-16.77,-16,85.5835,0,2,0,3,"North"
"321",4810002,"CA Water Service Co - Dixon District",171.8005,0,1,0,0,0,0,1,1,0,0,0,0,0,"15.5","0",103.9,89.04127816,125,111,-16.88,-20,61.25,NA,NA,NA,NA,"North"
"322",4810003,"Fairfield, City of",135.3593,0,0,0,1,0,0,1,0,0,0,0,0,1,"0","0",147.06,88.23452381,178,91,-17.38,-3,65.833,0,2,0,1,"North"
"323",4810004,"Rio Vista, City of",171.8005,0,1,0,0,0,0,1,1,0,0,0,0,0,"15.5","0",206.41,144.486252,275,193,-24.94,-25,62.793,NA,NA,NA,NA,"North"
"324",4810007,"Vallejo, City of",119.06775,0.216894267,0,1,2,0,0,3,0,0.123764879,0,0,0,0.876235121,"0","0",106.9,85.52015908,115,76,-7.04,13,59.1475,1,1,2,2,"North"
"325",4810008,"Vacaville, City of",153.5799,0,0,0,0,0,0,0,0,0,0,0,0,0,"0.0,15.5","0,0",124.8,109.8229501,169,149,-26.15,-26,75.4185,NA,NA,NA,NA,"North"
"326",4910004,"Sweetwater Springs Water District",71.924,0,1,0,0,0,0,1,1,0,0,0,0,0,"0","0",75.91,63.00892324,86,71,-11.73,-11,44.4085,1,0,1,0,"North"
"327",4910006,"Petaluma, City of",102.7762,0.220060969,1,0,1,0,0,2,0.125875,0,0,0,0,0.874125,"0.0,0.0","0,0",111.75,65.92391554,125,77,-10.6,-14,80.764,0,1,0,1,"North"
"328",4910009,"Santa Rosa, City of",87.3501,0.107342733,1,0,1,0,0,2,0.045973496,0,0,0.010397554,0,0.94362895,"0.0,0.0,18.75","0,0,0",86.45,64.83814239,113,80,-23.49,-19,58.7395,0,1,0,1,"North"
"329",4910012,"Sonoma, City of",102.7762,0.498484619,1,0,1,1,0,3,0.013026356,0,0,0.40896698,0,0.578006665,"0","0",136.08,92.94363971,149,113,-8.67,-18,72.3345,0,1,0,1,"North"
"330",4910013,"Valley of the Moon Water District",102.7762,0.232562807,1,0,1,0,0,2,0.134324465,0,0,0,0,0.865675535,"0","0",90.18,84.31651624,112,75,-19.48,12,60.0085,0,1,0,1,"North"
"331",4910014,"Rohnert Park, City of",87.3501,0.572622542,1,0,1,1,0,3,0.300417774,0,0,0.134827193,0,0.564755032,"18.75","0",87.35,61.05555019,102,65,-14.37,-6,59.85,0,1,0,1,"North"
"332",4910017,"Windsor, town of Water District",71.924,0,0,0,1,0,0,1,0,0,0,0,0,1,"18.75","0",98.76,72.09260519,122,87,-19.05,-17,69.6975,0,1,0,1,"North"
"333",4910018,"CA Water Service Co - Redwood Valley",71.924,0.386514329,1,0,2,0,0,3,0.261792453,0,0,0,0,0.738207547,"0","0",75.48,73.43890233,80,76,-5.65,-3,40.9,0,1,0,2,"North"
"334",5010017,"Patterson, City of",199.1403,0,1,0,0,0,0,1,1,0,0,0,0,0,"22.25","0",131.14,108.8493376,181,141,-27.54,-23,44.3105,NA,NA,NA,NA,"North"
"335",5010018,"Riverbank, City of",199.1403,0,1,0,0,0,0,1,1,0,0,0,0,0,"23.5,25.5","0,0",130.7,117.6313491,190,171,-31.21,-31,48.0725,NA,NA,NA,NA,"North"
"336",5010019,"Turlock, City of",199.1403,0.093741382,1,0,0,1,0,2,0.95069869,0,0,0.04930131,0,0,"21.5","0",214.08,103.8062429,283,153,-24.35,-32,43.372,NA,NA,NA,NA,"North"
"337",5010028,"Ceres, City of",199.1403,0,1,0,0,0,0,1,1,0,0,0,0,0,"21.5,23.5","0,0",122.26,91.69711352,162,119,-24.53,-23,37.91,NA,NA,NA,NA,"North"
"338",5010033,"Modesto, City of",199.1403,0.498791648,1,0,1,0,0,2,0.524571854,0,0,0,0,0.475412633,"22.25","0",188.32,142.3896846,228,180,-17.4,-21,45.8165,0,1,0,1,"North"
"341",5110002,"Yuba City, City of",187.927,0.771815075,1,3,1,0,0,5,0.098879688,0.608865075,0,0,0,0.292255236,"14.5,17.5,14.25","0,0,0",171.71,113.3310656,215,142,-20.13,-20,43.96,0,1,0,1,"North"
"342",5210004,"Red Bluff, City of",134.2302,0,1,0,0,0,0,1,1,0,0,0,0,0,"20.25,16.0","0,0",200.8,136.7428307,274,193,-26.72,-29,40.0635,NA,NA,NA,NA,"North"
"343",5410002,"Dinuba, City of",217.0267,0,1,0,0,0,0,1,1,0,0,0,0,0,"22.75","0",144.94,97.10799374,182,118,-20.36,-18,41.175,NA,NA,NA,NA,"North"
"344",5410003,"Exeter, City of",217.0267,0,0,0,0,0,0,0,0,0,0,0,0,0,"26.5","0",155.62,127.6063777,210,176,-25.9,-28,47.3055,NA,NA,NA,NA,"North"
"345",5410010,"Porterville, City of",217.0267,0,1,0,0,0,0,1,1,0,0,0,0,0,"22.25,26.5","0,0",138,99.35713023,165,122,-16.37,-19,42.015,NA,NA,NA,NA,"North"
"346",5410015,"Tulare, City of",217.0267,0,1,0,0,0,0,1,1,0,0,0,0,0,"26.5","0",219.44,100.0655989,263,145,-16.56,-31,43.608,NA,NA,NA,NA,"North"
"347",5410041,"CA Water Service Co - Visalia",217.0267,0,1,0,0,0,0,1,1,0,0,0,0,0,"26.5","0",160.06,113.1651839,221,157,-27.57,-28,71.729,NA,NA,NA,NA,"North"
"348",5510003,"Tuolumne Utilities District",194.2638,0.208774336,1,1,0,1,0,3,0.047393536,0.885691562,0,0.066878751,0,0,"","",115.42,113.1135522,136,69,-15.13,64,48.235,NA,NA,NA,NA,"North"
"349",5510009,"Groveland Community Services District",194.2638,0.330303317,0,0,1,1,0,2,0,0,0,0.208712614,0,0.791287386,"","",94.41,90.63417293,106,99,-10.93,-8,35.125,0,1,0,1,"North"
"350",5610007,"Oxnard, City of",200.4460667,0.341544745,1,0,2,0,0,3,0.218525974,0,0,0,0,0.781474026,"26.75,17.25","0,0",103.21,54.42031773,110,67,-6.18,-19,58.354,0,3,0,2,"South"
"351",5610009,"Port Hueneme, City of",196,0,0,0,1,0,0,1,0,0,0,0,0,1,"26.75","0",78.8,48.8536261,79,53,-0.26,-8,58.86,0,4,0,1,"South"
"352",5610011,"Santa Paula, City of",200.7674,0.153172302,1,1,0,0,0,2,0.916429885,0.083570115,0,0,0,0,"20.5","1",116.24,94.61530261,122,79,-4.73,20,52.964,NA,NA,NA,NA,"South"
"355",5610023,"Ventura County Waterworks District #8",195.98625,0.0679042,1,0,1,0,0,2,0.032491722,0,0,0.002607616,0,0.964900662,"0.0,0.0,0.0","0,0,0",167.17,110.3327564,189,125,-11.55,-12,91.6795,0,3,0,1,"South"
"356",5610024,"Casitas Municipal Water District",205.7972333,0.028376332,1,1,0,0,0,2,0.014395393,0.985604607,0,0,0,0,"17.25,0.0,0.0,0.0,0.0,18.25","0,0,0,0,0,0",1069.46,110.1541421,1573,156,-32.01,-29,61.928,1,0,2,0,"South"
"357",5610040,"CA-American Water - Ventura",196,0,0,0,1,0,0,1,0,0,0,0,0,1,"0.0,13.0,0.0","0,0,0",201.34,132.8861842,220,147,-8.48,-10,100.625,0,3,0,1,"South"
"358",5610043,"Triunfo Sanitation District",196,0.359675219,0,0,1,1,0,2,0,0,0,0.235118157,0,0.764881843,"0","0",144.92,128.9826265,158,140,-8.28,-8,129.75,0,3,0,1,"South"
"361",5610059,"Golden State Water Company - Simi Valley",196,0.222623032,1,0,1,0,0,2,0.127590972,0,0,0,0,0.872409028,"0","0",109.98,83.80698718,120,88,-8.35,-5,85.349,0,3,0,1,"South"
"362",5610063,"Camrosa Water District",196,0.689858748,3,1,1,1,0,6,0.181330198,0.452584224,0,0.077807883,0,0.288277695,"13.0,0.0,0.0,0.0,0.0","0,0,0,0,0",197.01,134.5006726,195,153,1.03,-12,104.071,0,3,0,1,"South"
"364",5710001,"Davis City of",171.8005,0,1,0,0,0,0,1,1,0,0,0,0,0,"22.25","0",121.2,84.84195124,154,101,-21.3,-16,68.833,NA,NA,NA,NA,"North"
"365",5710003,"West Sacramento, City of",171.8005,0,0,1,0,0,0,1,0,1,0,0,0,0,"22.25,22.25,22.5","0,0,0",177.88,115.6204753,214,109,-16.88,6,49.7745,NA,NA,NA,NA,"North"
"366",5710006,"Woodland, City of",171.8005,0,1,0,0,0,0,1,1,0,0,0,0,0,"22.25","0",133.69,81.89824347,161,101,-16.96,-19,57.0905,NA,NA,NA,NA,"North"
"367",5810001,"CA Water Service Co - Marysville",187.9097,0,1,0,0,0,0,1,1,0,0,0,0,0,"14.25","0",127.68,86.18152151,164,106,-22.15,-19,39.583,NA,NA,NA,NA,"North"
"368",5810002,"Linda County Water District",187.927,0,1,0,0,0,0,1,1,0,0,0,0,0,"14.5","0",135.33,121.7970493,165,149,-17.98,-18,34.169,NA,NA,NA,NA,"North"
"369",5810003,"Olivehurst Public Utilities District",187.9635,0,1,0,0,0,0,1,1,0,0,0,0,0,"14.5","0",135.98,126.4634447,125,103,8.79,23,40.6775,NA,NA,NA,NA,"North"
